100
96 288 0
0 0 0 0 0 0 0 0 0 0 0 0 0 0 0 0 0 0 0 0 0 0 0 0 0 0 0 0 0 0 0 0 0 0 0 0 0 0 0 0 0 0 0 0 0 0 0 0 0 0 0 0 0 0 0 0 0 0 0 0 0 0 0 0 0 0 0 0 0 0 0 0 0 0 0 0 0 0 0 0 0 0 0 0 0 0 0 0 0 0 0 0 0 0 0 0
32 46
56 69
7 68
31 74
42 43
5 86
71 90
2 43
18 88
90 94
60 89
75 80
50 74
3 12
40 93
39 67
36 55
87 88
51 53
31 63
0 45
13 37
8 59
44 53
25 61
13 60
11 95
32 82
20 81
14 18
27 92
66 85
9 94
23 87
58 75
28 33
1 79
23 29
4 86
15 36
40 50
57 67
56 91
64 78
24 28
66 82
17 73
7 29
21 47
22 73
0 62
45 70
24 35
10 61
2 72
3 21
51 80
14 37
72 92
34 46
35 59
1 78
20 48
27 91
25 68
52 71
6 63
11 84
38 57
30 54
30 76
65 79
9 69
19 58
19 26
16 49
12 83
76 77
33 34
38 41
47 89
54 77
8 52
5 17
48 70
6 49
85 95
26 81
15 55
22 64
44 62
4 84
39 41
10 83
42 65
16 93
80 83
4 35
14 29
30 74
1 6
53 86
76 79
24 89
37 58
9 19
56 57
63 88
13 50
7 8
54 81
4 47
28 53
36 41
50 75
15 46
29 46
49 59
32 95
40 70
15 26
18 71
57 68
45 84
19 25
34 94
11 31
33 65
10 36
73 91
76 86
71 91
20 21
35 48
23 83
37 92
51 66
5 21
43 77
13 66
41 44
44 65
85 88
26 89
32 49
3 17
52 61
2 56
23 42
0 61
45 80
8 69
34 72
22 74
52 64
7 55
6 77
12 87
27 69
58 68
3 85
22 39
82 95
20 93
62 93
33 64
5 30
51 72
14 39
40 87
47 59
1 17
60 75
31 84
16 92
28 42
18 70
12 54
73 81
25 78
67 78
67 79
38 55
27 38
9 90
48 63
2 62
11 82
24 43
16 60
0 90
10 94
32 56
5 65
30 77
6 39
70 93
26 75
0 29
34 43
44 83
47 49
37 59
11 21
37 82
13 69
3 66
50 95
52 86
16 19
24 70
62 67
2 36
76 91
5 71
35 47
8 44
28 81
64 89
30 61
67 87
18 21
35 46
49 84
61 69
46 76
23 53
29 50
42 56
10 39
48 77
15 40
20 45
17 38
40 73
15 60
0 9
24 36
20 74
11 38
12 42
1 25
45 90
31 53
6 22
16 85
22 51
14 89
58 86
31 95
7 88
33 41
18 87
72 79
7 82
26 48
14 64
27 34
66 74
32 85
75 90
55 57
13 84
12 52
1 41
23 54
3 8
63 79
63 65
4 78
60 92
9 83
68 94
2 88
71 72
19 93
27 43
78 80
17 80
92 94
4 33
68 81
10 62
28 73
58 59
25 54
51 55
57 91
96 288 0
0 0 0 0 0 0 0 0 0 0 0 0 0 0 0 0 0 0 0 0 0 0 0 0 0 0 0 0 0 0 0 0 0 0 0 0 0 0 0 0 0 0 0 0 0 0 0 0 0 0 0 0 0 0 0 0 0 0 0 0 0 0 0 0 0 0 0 0 0 0 0 0 0 0 0 0 0 0 0 0 0 0 0 0 0 0 0 0 0 0 0 0 0 0 0 0
16 57
42 69
20 68
28 46
11 45
5 91
77 80
39 90
36 79
2 27
23 76
5 37
47 74
24 52
53 58
7 84
22 84
48 81
62 92
77 82
91 93
28 56
52 90
50 87
6 89
26 43
20 64
10 71
1 2
21 51
53 74
40 65
13 32
30 60
22 25
17 92
10 38
63 65
31 78
9 76
33 40
94 95
26 36
14 24
59 73
81 88
25 29
82 86
42 85
15 57
46 94
43 44
58 69
0 95
54 66
31 35
12 70
14 32
1 18
35 55
19 86
47 75
19 72
8 23
21 80
71 75
64 93
11 67
15 59
34 66
72 73
18 56
16 37
4 12
60 83
27 78
9 55
33 34
49 61
29 70
61 68
63 83
7 38
51 89
30 85
0 48
3 88
45 62
17 67
39 41
44 54
6 87
49 50
8 79
3 13
4 41
71 87
57 87
3 56
37 49
6 23
9 19
20 79
2 65
28 81
25 89
48 86
30 82
13 24
59 62
0 88
7 61
27 95
76 91
31 92
35 88
8 83
5 54
50 60
46 93
67 86
17 22
74 78
72 74
31 64
60 73
13 80
16 72
18 20
37 48
52 58
36 84
44 52
41 89
18 29
23 43
21 54
39 46
2 55
15 75
12 45
45 81
27 43
6 92
26 91
24 82
47 51
61 85
17 90
49 71
30 69
68 80
32 67
14 22
7 75
10 64
1 77
0 10
8 59
29 34
62 85
68 94
55 73
4 11
11 42
5 33
32 51
39 79
15 63
40 63
9 35
38 84
41 44
16 70
42 95
28 65
14 47
26 38
58 94
21 50
19 53
1 40
3 90
57 66
76 93
4 34
33 36
70 77
66 83
69 78
25 56
12 53
10 63
14 45
35 87
16 84
18 95
0 67
20 94
45 59
78 92
12 95
62 70
47 49
74 85
1 22
8 31
30 71
63 72
31 77
44 88
5 66
43 76
9 74
52 85
17 60
10 11
20 86
29 49
14 83
80 93
4 39
33 61
3 50
19 91
73 75
35 47
3 82
11 52
41 67
43 81
46 69
18 40
40 57
15 30
9 33
48 80
17 86
42 48
32 78
38 73
27 82
54 93
23 34
56 75
57 79
36 53
21 44
71 84
38 58
37 50
42 54
25 90
19 29
7 70
6 55
65 89
72 90
26 39
13 83
76 94
7 62
2 51
12 46
6 24
55 87
0 34
36 60
13 69
2 28
22 59
77 91
15 41
53 56
21 64
16 89
23 81
51 58
65 68
24 64
26 79
32 92
4 68
37 88
1 5
28 61
25 66
8 27
96 288 0
0 0 0 0 0 0 0 0 0 0 0 0 0 0 0 0 0 0 0 0 0 0 0 0 0 0 0 0 0 0 0 0 0 0 0 0 0 0 0 0 0 0 0 0 0 0 0 0 0 0 0 0 0 0 0 0 0 0 0 0 0 0 0 0 0 0 0 0 0 0 0 0 0 0 0 0 0 0 0 0 0 0 0 0 0 0 0 0 0 0 0 0 0 0 0 0
14 65
25 41
51 90
65 74
19 22
80 85
21 72
27 81
2 85
33 69
27 45
47 84
11 19
80 90
36 77
52 88
2 3
30 31
39 49
4 45
70 94
9 83
46 66
15 24
40 75
11 60
6 60
42 54
22 95
78 79
59 68
48 50
5 49
30 58
42 50
66 84
40 88
26 91
43 95
38 73
20 89
12 93
12 16
56 76
7 75
48 59
1 23
64 74
13 24
37 87
41 44
10 82
35 55
17 77
38 39
21 34
54 63
79 94
43 89
4 15
28 31
16 17
62 72
0 61
29 73
8 64
56 68
8 18
10 18
5 26
1 53
55 57
7 44
28 32
46 91
57 92
67 81
25 87
13 20
9 33
32 62
37 78
53 70
61 82
6 83
71 76
34 52
29 47
36 93
58 69
23 92
35 67
71 86
63 86
0 14
3 51
90 92
4 67
33 68
24 57
49 95
51 81
50 84
78 88
44 58
22 89
55 73
2 93
7 41
14 95
27 62
27 71
77 79
17 86
4 18
43 94
19 51
72 91
67 90
32 76
13 47
6 85
40 58
35 53
42 62
3 29
5 15
70 83
16 52
25 38
52 86
31 80
37 82
75 94
16 26
82 91
26 61
75 79
45 65
23 32
42 66
8 12
20 81
8 70
7 48
1 22
1 41
30 40
43 53
47 74
17 28
55 93
14 29
73 85
11 45
72 84
19 34
60 61
9 68
39 57
69 77
21 38
2 24
9 64
74 76
10 56
23 46
0 63
33 36
21 59
6 39
63 66
69 87
34 56
44 71
35 37
18 59
36 54
5 87
13 25
64 65
0 49
3 83
46 54
60 88
30 78
15 20
11 92
28 48
10 50
31 89
12 80
0 28
11 81
21 71
59 61
8 36
6 38
21 88
29 54
25 74
48 65
7 78
18 30
24 89
11 23
0 18
62 95
69 85
42 64
12 53
56 58
57 59
34 40
30 47
26 94
1 35
13 90
45 95
44 84
63 70
15 73
35 54
68 77
33 51
66 70
33 39
5 55
52 53
19 93
3 25
10 22
4 61
26 68
13 32
14 92
1 85
38 47
7 16
46 49
27 79
23 75
15 62
6 72
3 87
14 76
2 19
48 86
58 86
2 88
22 31
41 79
39 76
74 93
63 81
24 73
43 46
67 91
37 67
27 80
20 71
64 83
16 65
44 78
83 91
52 87
12 49
80 84
17 69
89 90
37 77
9 29
43 82
4 9
28 36
31 42
5 50
51 72
17 60
45 75
32 94
40 92
56 60
8 10
50 55
57 82
20 34
41 66
96 288 0
0 0 0 0 0 0 0 0 0 0 0 0 0 0 0 0 0 0 0 0 0 0 0 0 0 0 0 0 0 0 0 0 0 0 0 0 0 0 0 0 0 0 0 0 0 0 0 0 0 0 0 0 0 0 0 0 0 0 0 0 0 0 0 0 0 0 0 0 0 0 0 0 0 0 0 0 0 0 0 0 0 0 0 0 0 0 0 0 0 0 0 0 0 0 0 0
45 66
41 56
21 34
14 94
21 81
79 89
11 31
4 79
2 24
68 75
22 58
57 60
9 53
4 59
17 67
12 32
14 43
26 77
25 95
66 70
91 94
5 44
19 80
6 86
29 51
43 51
8 32
68 95
12 56
40 77
63 90
63 71
69 93
36 48
35 92
87 90
76 80
10 64
11 72
40 58
30 74
20 52
17 65
18 78
45 67
37 84
7 52
13 53
6 42
38 54
50 87
57 89
55 59
18 82
0 39
0 46
3 88
36 82
8 42
23 47
15 47
5 71
72 73
16 46
29 81
1 23
27 88
75 83
44 55
15 25
48 61
20 92
64 76
61 74
62 78
7 30
24 33
9 83
2 3
35 37
41 86
13 70
10 84
16 39
27 91
60 65
33 50
54 93
49 85
28 62
19 73
49 69
26 34
1 85
22 38
28 31
57 93
21 76
41 61
39 84
0 11
13 16
3 44
47 64
33 51
11 29
45 63
4 81
23 25
7 86
18 31
17 28
62 84
2 34
0 57
72 74
36 53
22 94
47 60
1 17
1 19
46 73
37 48
67 85
36 87
5 59
5 88
14 69
9 24
26 54
50 86
26 30
40 83
62 81
56 91
2 92
82 95
12 23
12 78
58 90
34 43
6 29
24 54
42 63
52 69
30 79
42 75
27 74
4 80
33 93
15 92
44 60
20 95
35 49
68 73
38 94
35 50
21 58
13 87
32 83
9 88
25 52
20 46
31 90
32 71
39 75
10 51
7 66
22 56
65 66
28 37
45 79
10 76
43 64
15 82
48 72
8 68
18 55
14 59
55 89
65 67
19 40
16 70
53 85
71 77
49 78
3 27
41 70
8 91
61 89
77 80
6 38
60 83
33 87
16 35
0 49
45 77
33 36
74 86
27 42
4 72
28 57
11 41
1 14
53 57
15 48
17 71
19 41
38 84
71 79
65 93
5 78
34 92
46 78
52 68
73 90
49 55
16 37
24 89
10 65
7 62
58 91
29 30
25 85
44 88
70 74
11 22
21 48
94 95
36 70
30 42
12 81
4 69
9 59
55 93
64 92
32 89
85 95
40 54
27 43
23 77
1 13
7 81
22 31
34 90
18 66
63 91
8 25
3 73
84 87
67 80
15 52
20 53
46 75
44 79
6 37
9 50
12 76
21 23
28 56
32 66
82 88
29 54
67 82
6 39
2 13
18 61
26 75
47 50
39 68
8 19
43 69
24 35
3 5
10 38
14 20
61 94
59 80
31 58
2 47
40 63
56 60
0 86
26 45
51 72
62 64
51 76
17 83
96 288 0
0 0 0 0 0 0 0 0 0 0 0 0 0 0 0 0 0 0 0 0 0 0 0 0 0 0 0 0 0 0 0 0 0 0 0 0 0 0 0 0 0 0 0 0 0 0 0 0 0 0 0 0 0 0 0 0 0 0 0 0 0 0 0 0 0 0 0 0 0 0 0 0 0 0 0 0 0 0 0 0 0 0 0 0 0 0 0 0 0 0 0 0 0 0 0 0
51 93
1 63
0 92
14 16
24 52
35 51
26 76
5 44
48 78
0 25
3 77
62 73
6 7
34 75
24 91
14 80
39 82
49 92
35 68
5 10
33 90
6 31
4 58
37 45
45 46
9 60
61 67
16 22
71 80
23 57
1 12
7 40
37 95
54 69
8 62
28 34
30 67
18 76
53 88
20 42
56 87
32 83
59 85
29 75
54 90
4 12
36 86
8 50
53 60
26 56
71 94
79 93
38 57
41 65
74 89
3 30
79 84
25 73
36 78
86 87
38 49
32 63
13 70
29 89
33 85
42 61
2 18
17 81
11 88
82 95
19 94
23 59
10 65
11 43
39 68
20 28
9 43
41 72
13 22
50 74
64 77
21 72
21 66
70 81
31 40
48 55
19 66
15 52
15 44
27 83
2 27
47 84
55 58
17 69
47 64
46 91
67 79
41 95
82 93
14 31
18 57
78 85
43 65
0 64
27 88
7 54
24 67
86 94
1 92
23 32
23 36
4 42
16 69
17 72
28 86
2 84
51 90
10 92
11 21
72 80
50 95
25 41
15 45
26 50
14 17
29 71
36 68
10 40
38 66
15 30
16 70
6 54
11 48
6 51
0 70
31 49
46 58
59 76
3 53
26 75
3 46
39 74
80 85
2 9
13 75
57 62
62 81
55 89
44 77
38 40
45 60
20 91
7 22
19 27
61 87
74 94
34 43
5 63
21 77
20 37
32 73
52 73
68 89
33 56
53 87
39 91
66 69
13 49
28 56
12 48
5 83
29 64
44 60
8 18
83 88
65 78
47 71
19 37
12 22
58 79
8 24
42 90
25 52
1 84
35 76
4 55
35 63
33 81
9 82
30 47
34 93
59 61
3 9
61 78
36 44
40 81
52 89
1 20
2 74
15 64
17 83
14 79
57 68
58 77
16 23
66 71
2 35
22 82
57 87
8 66
6 18
31 86
24 40
12 58
34 82
87 88
15 90
19 65
30 91
39 45
24 37
46 54
26 48
1 5
67 95
61 70
32 50
33 92
35 67
33 51
11 89
4 36
23 80
42 73
52 84
22 29
19 80
8 11
43 86
10 41
27 48
16 20
14 53
42 63
30 60
12 85
17 56
21 56
38 72
26 43
63 71
34 64
5 62
76 77
27 81
38 60
32 41
7 88
68 84
18 53
44 45
28 29
13 94
85 90
7 47
31 83
51 69
69 74
9 21
25 55
0 94
73 95
54 75
4 50
49 55
59 75
13 93
39 47
0 65
79 92
28 59
6 78
72 91
37 49
3 25
10 46
76 93
62 70
96 288 0
0 0 0 0 0 0 0 0 0 0 0 0 0 0 0 0 0 0 0 0 0 0 0 0 0 0 0 0 0 0 0 0 0 0 0 0 0 0 0 0 0 0 0 0 0 0 0 0 0 0 0 0 0 0 0 0 0 0 0 0 0 0 0 0 0 0 0 0 0 0 0 0 0 0 0 0 0 0 0 0 0 0 0 0 0 0 0 0 0 0 0 0 0 0 0 0
11 17
36 73
4 53
71 89
9 77
14 94
32 54
8 75
7 67
50 54
22 78
22 85
59 91
23 72
45 49
16 46
29 30
69 90
9 59
46 51
15 42
61 71
12 47
3 69
20 72
35 39
19 35
5 91
1 28
50 52
21 44
66 88
40 48
67 81
87 88
31 94
15 24
68 83
0 57
30 44
6 63
56 76
4 79
19 70
78 95
11 80
28 61
43 64
8 47
27 65
62 74
5 87
48 60
34 83
37 84
23 33
33 92
7 56
2 12
18 36
10 82
3 82
18 43
60 74
31 86
52 53
32 49
0 85
38 93
55 58
27 81
14 95
17 38
65 70
6 75
2 62
42 89
39 80
26 63
1 73
25 76
29 84
10 77
66 93
16 25
57 86
55 92
24 41
34 58
13 68
26 51
20 45
37 79
13 64
40 41
21 90
16 22
2 56
10 34
6 83
65 91
12 32
7 92
21 50
64 74
47 60
20 60
43 87
19 53
14 92
32 42
5 95
2 30
58 64
36 71
26 31
75 84
39 52
23 95
8 85
67 94
13 21
33 73
41 65
15 68
63 85
15 81
35 77
30 58
19 52
11 51
11 83
70 93
33 82
3 57
34 59
20 76
13 88
49 61
66 69
4 82
44 55
28 69
41 43
29 90
17 27
10 66
9 91
67 84
54 74
39 79
36 78
17 44
0 78
75 93
22 42
31 55
18 56
50 86
9 45
48 59
27 46
57 72
24 45
26 47
28 76
79 94
37 68
6 49
3 35
14 54
1 71
61 89
70 90
77 80
25 73
7 40
24 87
63 72
53 80
1 18
25 89
48 88
40 46
5 62
23 62
4 51
0 8
29 81
37 38
38 86
12 16
31 78
48 64
57 75
77 82
90 93
65 66
18 24
12 49
40 55
3 70
42 94
10 45
14 25
42 79
40 82
35 55
39 81
24 59
2 9
61 84
21 83
0 94
20 33
63 81
58 95
17 31
28 47
16 74
6 71
44 45
30 63
23 76
8 33
5 11
43 72
52 54
80 92
4 93
6 73
14 22
67 92
26 80
50 88
4 23
19 20
89 91
19 89
62 78
66 72
64 83
15 28
12 69
8 56
11 34
87 90
46 91
41 86
27 36
53 68
2 36
37 60
38 67
1 13
44 71
37 50
32 35
10 48
29 59
13 47
34 69
38 62
9 75
15 46
25 51
7 52
27 53
77 84
3 85
16 87
5 74
32 43
57 70
60 88
21 54
17 61
39 56
41 85
0 86
7 18
30 68
76 79
51 58
1 29
26 65
49 73
22 95
96 288 0
0 0 0 0 0 0 0 0 0 0 0 0 0 0 0 0 0 0 0 0 0 0 0 0 0 0 0 0 0 0 0 0 0 0 0 0 0 0 0 0 0 0 0 0 0 0 0 0 0 0 0 0 0 0 0 0 0 0 0 0 0 0 0 0 0 0 0 0 0 0 0 0 0 0 0 0 0 0 0 0 0 0 0 0 0 0 0 0 0 0 0 0 0 0 0 0
2 89
33 46
20 76
27 92
64 91
34 95
34 49
6 28
22 56
25 35
15 67
10 55
7 13
32 51
38 59
50 73
56 88
18 70
72 84
45 67
70 83
9 53
16 63
0 58
16 61
14 82
14 74
59 90
23 75
64 74
4 44
10 24
19 54
31 92
5 89
31 93
76 95
26 48
54 69
52 83
39 55
2 7
49 78
44 71
21 77
51 80
20 94
52 93
29 87
6 94
17 23
33 37
39 57
4 65
30 40
5 30
21 79
8 62
41 57
46 86
13 38
28 58
19 22
85 87
24 62
17 73
11 79
12 53
40 90
42 45
66 81
1 61
3 71
11 88
8 68
36 43
37 86
60 75
81 84
27 65
9 47
47 60
48 78
3 82
18 72
12 85
32 80
25 69
29 50
1 91
66 68
0 43
35 41
15 26
63 77
36 42
56 66
80 89
5 43
89 94
51 76
16 52
23 34
76 77
86 88
35 36
62 71
31 87
17 32
14 79
3 93
47 50
43 57
58 75
36 66
32 39
16 60
7 17
31 86
19 48
0 20
15 27
39 40
22 79
22 26
12 61
70 74
9 21
49 73
24 92
78 84
92 95
38 41
71 81
47 54
5 65
4 83
23 33
24 93
18 73
0 26
59 63
70 87
41 42
35 46
49 67
58 64
1 44
45 91
53 94
60 67
28 30
27 95
3 29
44 69
68 83
2 53
13 74
46 64
14 57
37 48
25 82
72 78
34 91
21 30
59 85
38 77
18 82
12 84
11 72
25 29
10 88
7 55
8 54
6 42
2 56
68 75
40 69
51 55
6 20
13 81
65 80
45 62
11 37
4 85
50 52
8 19
9 63
15 61
1 90
10 33
28 90
77 94
11 13
46 93
1 84
19 79
73 75
62 65
17 86
28 92
66 67
0 5
31 39
18 39
47 74
58 80
13 34
37 71
27 50
48 64
69 87
4 43
24 26
0 6
27 38
28 35
4 76
16 94
51 84
14 77
66 89
1 63
2 49
41 49
44 45
69 79
12 45
53 62
15 36
25 91
19 23
20 30
82 91
74 88
21 25
26 72
21 90
22 85
51 70
40 70
32 54
36 80
57 83
42 67
11 68
29 34
42 59
56 61
7 54
9 55
56 59
15 33
30 95
3 57
7 47
2 10
5 20
43 88
38 48
12 65
60 64
22 81
6 53
29 46
3 75
78 90
9 89
83 92
8 18
44 85
16 95
82 87
10 40
33 93
32 78
61 68
41 72
23 71
14 31
52 58
52 55
35 76
37 63
50 86
17 60
8 24
73 81
96 288 0
0 0 0 0 0 0 0 0 0 0 0 0 0 0 0 0 0 0 0 0 0 0 0 0 0 0 0 0 0 0 0 0 0 0 0 0 0 0 0 0 0 0 0 0 0 0 0 0 0 0 0 0 0 0 0 0 0 0 0 0 0 0 0 0 0 0 0 0 0 0 0 0 0 0 0 0 0 0 0 0 0 0 0 0 0 0 0 0 0 0 0 0 0 0 0 0
6 17
64 73
14 18
78 81
33 62
8 75
1 18
38 76
38 46
15 87
10 83
24 58
83 94
23 32
50 72
0 19
13 77
26 82
41 92
29 86
25 52
4 44
47 67
28 77
48 63
21 75
7 9
2 93
45 69
16 56
12 85
17 36
9 55
50 78
58 71
16 36
20 37
23 95
7 80
79 86
46 89
0 66
15 62
48 66
59 95
4 30
1 54
22 91
84 85
39 60
14 35
65 67
53 68
13 63
47 65
51 71
84 92
52 89
5 42
19 94
30 42
21 87
68 90
76 91
26 88
33 59
28 88
8 54
27 81
3 43
40 69
37 55
25 80
32 40
31 64
11 27
34 51
10 61
2 90
29 70
12 74
73 93
49 57
5 79
43 82
70 72
35 74
11 49
44 60
24 41
3 6
34 39
22 31
53 57
20 56
45 61
52 60
53 67
8 41
15 92
39 77
10 69
83 87
1 63
11 14
42 45
28 73
13 29
50 59
44 78
30 44
1 46
33 67
20 94
37 56
24 42
29 89
73 76
21 64
17 77
34 89
51 72
22 23
72 93
30 57
23 63
7 11
51 70
19 66
21 53
52 70
9 90
47 48
18 82
40 75
54 65
5 41
3 10
86 91
32 87
56 74
19 62
13 36
7 92
61 79
0 64
26 60
35 55
4 59
31 32
17 79
31 45
0 5
16 62
49 84
58 66
2 76
38 48
39 43
71 94
20 90
4 8
2 26
57 80
54 83
3 58
9 91
15 95
14 69
12 50
33 81
55 78
34 38
40 81
6 28
36 75
6 25
25 95
24 61
71 84
74 85
27 93
80 85
43 86
18 68
22 37
12 16
46 88
47 49
35 82
27 65
68 88
81 92
10 56
16 80
15 77
6 24
4 31
5 19
60 77
23 92
28 62
0 34
68 69
36 78
37 47
8 84
33 94
66 75
20 27
23 74
22 46
51 95
1 38
17 42
20 87
21 39
67 68
7 47
32 52
39 58
93 95
49 73
57 82
35 65
12 26
54 88
14 71
55 73
1 60
58 90
7 8
25 91
48 78
22 66
40 41
18 80
3 38
64 87
13 48
50 63
13 34
29 46
2 10
29 43
53 84
9 16
26 86
42 91
18 35
79 85
2 32
33 89
40 72
70 90
21 55
57 74
45 79
14 72
62 65
64 85
76 86
59 63
11 69
44 93
59 82
19 52
4 61
31 88
11 28
49 56
41 70
9 25
30 76
54 94
45 83
27 43
5 6
0 37
83 89
15 30
3 67
53 81
17 61
44 75
36 50
24 71
12 51
96 288 0
0 0 0 0 0 0 0 0 0 0 0 0 0 0 0 0 0 0 0 0 0 0 0 0 0 0 0 0 0 0 0 0 0 0 0 0 0 0 0 0 0 0 0 0 0 0 0 0 0 0 0 0 0 0 0 0 0 0 0 0 0 0 0 0 0 0 0 0 0 0 0 0 0 0 0 0 0 0 0 0 0 0 0 0 0 0 0 0 0 0 0 0 0 0 0 0
29 80
9 64
0 22
2 77
59 86
3 65
29 68
18 23
26 56
67 87
19 46
45 70
39 74
2 9
58 92
12 75
44 69
53 84
30 75
8 40
39 62
66 81
37 50
11 37
15 65
51 89
13 21
32 54
81 86
15 42
19 22
41 57
7 16
1 60
88 93
34 92
10 11
45 63
35 88
32 53
28 61
8 85
13 57
46 67
10 36
3 77
23 80
49 84
69 73
41 61
4 63
16 87
51 68
18 85
34 72
6 50
27 28
33 49
20 95
38 89
14 44
76 94
24 70
5 90
48 59
52 64
48 93
1 76
74 79
55 58
33 62
24 71
31 60
47 54
0 7
27 71
56 78
43 91
78 79
17 36
25 83
5 38
4 72
12 35
55 73
82 83
40 43
20 31
82 90
17 95
14 52
91 94
21 26
6 25
42 66
30 47
52 60
48 92
57 89
28 67
56 77
0 14
39 71
54 94
31 67
41 63
47 49
72 88
7 66
85 93
2 30
39 57
18 44
45 89
22 24
27 84
6 85
65 69
64 81
63 73
24 59
62 74
47 76
7 86
69 91
15 75
35 68
33 61
14 83
16 95
12 73
13 83
20 87
70 82
21 80
36 50
4 29
44 51
1 79
6 94
13 72
70 74
46 77
5 68
58 64
33 91
19 90
29 55
4 55
3 31
48 80
82 93
9 61
0 11
22 37
17 65
30 78
8 53
42 43
9 25
28 42
51 88
2 11
38 54
10 86
10 75
52 76
23 37
34 66
12 62
23 26
45 49
32 40
16 34
81 84
25 41
5 26
27 32
36 79
50 59
53 56
78 87
17 43
18 19
1 20
8 95
35 60
71 90
40 92
3 21
38 58
15 46
8 83
61 81
51 69
35 78
8 71
4 44
14 35
17 28
22 66
24 81
13 73
14 20
5 25
76 84
70 86
41 77
10 13
37 63
16 37
68 90
29 34
23 42
72 84
6 67
54 80
54 85
94 95
38 76
10 57
69 92
4 12
25 72
43 59
15 36
27 93
11 18
1 9
38 78
56 59
45 93
0 24
6 40
1 94
60 62
19 58
23 47
32 83
49 68
2 56
63 86
18 36
33 79
19 52
48 61
47 64
26 79
65 75
43 65
82 91
7 58
20 42
33 87
53 95
0 55
52 89
30 67
45 46
12 50
55 62
11 92
80 87
34 44
50 60
39 89
21 88
21 29
41 49
32 74
28 64
5 16
51 77
31 71
22 40
26 53
3 66
30 85
17 70
3 9
48 73
7 91
39 46
57 82
15 90
27 75
2 88
31 74
96 288 0
0 0 0 0 0 0 0 0 0 0 0 0 0 0 0 0 0 0 0 0 0 0 0 0 0 0 0 0 0 0 0 0 0 0 0 0 0 0 0 0 0 0 0 0 0 0 0 0 0 0 0 0 0 0 0 0 0 0 0 0 0 0 0 0 0 0 0 0 0 0 0 0 0 0 0 0 0 0 0 0 0 0 0 0 0 0 0 0 0 0 0 0 0 0 0 0
8 46
7 76
23 62
18 70
37 94
53 81
27 57
10 58
54 75
14 74
9 81
22 46
11 48
17 41
62 63
24 71
5 31
56 77
12 26
19 37
36 78
9 41
29 52
92 93
69 82
14 51
27 87
52 68
1 33
0 82
25 45
34 42
51 74
11 47
19 72
6 77
53 87
33 69
50 89
64 76
30 70
40 49
3 36
13 86
22 61
25 44
18 85
65 67
32 91
44 66
55 93
59 72
40 57
16 95
47 83
21 61
26 88
20 34
23 92
16 49
35 65
43 67
1 80
91 95
7 88
32 66
0 73
3 17
64 90
13 50
28 79
28 90
56 84
15 78
63 85
89 94
4 38
20 68
8 43
24 83
6 73
39 71
35 75
48 54
10 86
30 60
31 42
12 45
15 21
55 59
29 38
2 4
60 79
39 58
2 5
80 84
21 68
54 87
27 56
19 35
15 65
14 64
0 36
22 29
25 66
54 76
11 16
16 48
50 82
8 75
72 92
32 67
46 86
39 51
63 89
28 39
3 52
23 79
84 91
37 68
18 84
5 89
33 40
42 63
51 67
6 36
24 81
44 81
32 61
55 85
45 49
28 83
34 79
4 88
40 53
59 74
30 50
57 95
21 66
44 45
70 77
7 14
0 17
38 94
37 65
49 86
4 55
1 24
10 74
6 64
5 95
31 73
41 70
1 17
58 71
53 72
60 80
42 92
2 29
10 52
56 75
20 30
15 87
34 35
23 48
22 62
43 69
3 46
18 93
85 90
25 82
9 78
12 77
38 71
58 78
61 91
57 88
8 41
2 33
12 76
26 47
47 80
26 62
59 93
43 90
60 94
11 19
9 31
20 27
7 73
69 83
13 54
8 13
13 61
75 93
34 68
6 50
70 84
41 58
35 55
17 59
0 89
67 77
18 91
20 95
45 82
45 87
7 50
36 57
21 56
20 36
14 53
32 88
3 11
22 40
4 59
23 86
25 79
2 70
58 93
65 92
5 56
16 31
12 54
43 51
27 42
18 26
83 90
26 66
52 60
39 92
60 61
29 85
25 48
53 94
19 44
74 76
30 75
67 72
55 84
29 80
49 88
69 71
10 47
1 28
23 90
52 73
22 76
47 49
5 71
16 33
1 46
11 78
42 78
40 64
4 64
27 37
2 37
17 86
21 57
32 81
82 95
12 80
0 87
19 74
24 39
13 35
31 51
10 63
44 89
63 68
6 7
33 38
79 81
15 48
14 62
65 72
3 34
38 91
30 43
62 94
8 9
41 66
9 77
28 85
24 46
15 83
69 73
96 288 0
0 0 0 0 0 0 0 0 0 0 0 0 0 0 0 0 0 0 0 0 0 0 0 0 0 0 0 0 0 0 0 0 0 0 0 0 0 0 0 0 0 0 0 0 0 0 0 0 0 0 0 0 0 0 0 0 0 0 0 0 0 0 0 0 0 0 0 0 0 0 0 0 0 0 0 0 0 0 0 0 0 0 0 0 0 0 0 0 0 0 0 0 0 0 0 0
42 92
75 85
3 20
8 11
14 83
83 95
20 73
46 79
12 72
82 91
3 94
61 91
57 77
16 38
33 70
17 84
9 69
21 59
0 12
1 2
59 63
60 88
35 49
27 60
45 86
4 30
8 89
19 87
74 80
18 79
1 46
10 22
92 95
52 69
54 71
10 40
43 61
29 77
30 64
18 49
50 64
48 57
11 15
24 93
7 94
27 36
0 65
2 37
4 67
42 51
23 54
32 44
66 88
40 80
6 21
55 56
25 86
25 58
5 45
73 81
22 68
28 36
29 72
51 62
41 84
26 32
24 33
67 85
78 89
9 31
34 47
26 44
23 90
6 19
7 76
14 75
35 68
70 81
41 76
47 53
48 82
31 43
71 78
39 50
52 74
15 93
34 63
17 28
13 39
38 62
13 16
37 66
53 56
5 65
55 87
58 90
21 54
47 70
60 70
2 67
3 64
1 62
83 87
19 45
42 84
37 39
45 91
32 51
77 95
10 84
17 46
22 38
36 44
58 76
10 55
8 17
3 5
34 78
22 24
18 32
30 37
72 77
0 27
12 59
54 69
20 55
6 66
23 73
36 82
20 68
35 62
15 85
2 14
33 60
11 40
28 61
52 61
53 90
16 69
33 56
21 63
9 93
50 89
53 86
19 72
48 65
38 58
16 75
57 73
8 35
13 91
41 50
29 49
4 78
30 59
47 81
42 88
56 82
14 43
68 89
25 64
44 85
27 80
1 75
4 65
46 80
28 95
66 94
81 92
25 31
31 94
9 12
7 92
74 76
57 86
40 83
6 34
7 15
51 90
26 63
43 87
71 88
67 79
11 49
0 23
39 48
13 74
41 93
24 52
18 29
26 71
5 79
25 49
15 58
68 86
31 42
34 64
85 92
37 82
57 80
29 95
0 71
60 94
10 78
45 67
33 89
44 74
43 64
1 50
5 36
5 28
30 75
12 61
35 79
4 17
7 46
86 87
17 33
51 53
16 88
20 87
38 95
72 88
32 39
20 46
47 77
31 48
21 85
23 74
23 83
11 71
59 62
7 45
36 38
19 28
34 93
1 91
6 65
73 75
70 90
9 42
50 58
55 68
14 39
12 40
6 91
18 81
26 47
2 66
29 66
4 22
51 63
13 84
0 84
41 54
24 94
55 90
8 44
11 37
25 57
60 73
2 72
14 40
32 48
9 35
43 78
19 77
56 83
15 27
18 24
56 76
22 27
70 79
49 52
16 63
80 89
8 26
21 62
13 30
69 92
10 41
53 65
3 67
3 52
61 69
81 82
59 93
54 76
96 288 0
0 0 0 0 0 0 0 0 0 0 0 0 0 0 0 0 0 0 0 0 0 0 0 0 0 0 0 0 0 0 0 0 0 0 0 0 0 0 0 0 0 0 0 0 0 0 0 0 0 0 0 0 0 0 0 0 0 0 0 0 0 0 0 0 0 0 0 0 0 0 0 0 0 0 0 0 0 0 0 0 0 0 0 0 0 0 0 0 0 0 0 0 0 0 0 0
30 61
56 68
32 72
51 75
15 64
14 45
3 42
27 57
62 87
15 52
20 54
6 51
29 71
49 55
3 35
13 24
8 74
89 94
90 93
25 39
16 79
21 83
31 42
22 50
65 72
4 28
9 61
13 84
33 71
81 94
26 73
77 92
22 32
10 26
39 76
2 18
41 57
34 43
30 77
46 80
36 86
65 84
11 59
36 49
27 85
12 78
45 92
76 85
82 91
48 95
28 40
5 63
75 79
16 66
60 62
4 90
33 59
0 69
14 23
7 67
38 69
34 66
1 55
63 64
44 47
58 88
7 46
18 73
38 68
24 89
1 70
86 95
0 29
19 56
11 78
20 60
43 48
44 70
19 58
41 53
37 87
52 53
47 88
8 82
9 74
10 67
17 83
40 93
21 23
2 17
80 81
25 54
6 12
50 91
5 31
35 37
22 82
69 90
40 82
32 73
14 46
27 66
80 86
52 86
7 73
39 44
20 24
7 75
4 33
55 60
16 60
26 95
21 47
32 68
44 63
47 89
3 23
31 92
40 81
62 76
19 55
17 50
1 56
36 64
41 42
16 29
30 41
58 71
9 91
66 83
24 72
43 87
49 53
35 74
18 38
6 33
26 94
57 78
46 65
2 90
10 79
5 15
43 75
42 78
59 67
15 93
35 72
63 80
4 5
70 93
34 71
11 30
56 85
51 74
34 59
23 48
51 58
49 81
2 91
6 67
38 54
10 22
68 84
0 31
36 61
18 29
28 84
0 54
13 88
83 89
11 65
79 87
52 57
13 25
12 95
28 61
8 50
25 94
14 69
9 39
1 8
17 76
45 48
21 37
3 77
27 45
20 92
62 64
12 85
37 77
19 70
53 88
6 29
60 92
48 84
52 84
21 75
13 72
43 93
46 54
17 41
10 56
67 89
59 90
3 48
23 69
11 39
43 78
63 88
9 70
32 65
16 36
68 81
50 85
4 85
4 39
24 26
30 52
31 63
57 86
44 74
29 77
36 60
46 86
2 64
22 70
35 73
54 90
26 79
57 66
45 51
40 76
5 30
11 34
10 78
24 34
28 33
53 89
32 49
27 75
35 51
8 91
15 76
15 87
38 42
25 80
20 25
27 74
1 37
13 23
42 64
5 67
7 31
68 71
7 55
62 66
44 83
18 92
16 28
21 82
1 77
40 41
47 72
56 61
0 3
19 95
2 95
12 37
9 58
59 61
38 71
58 91
45 65
81 88
14 53
69 83
22 79
17 80
12 55
33 62
50 94
8 93
49 73
0 6
18 47
82 94
14 20
19 87
96 288 0
0 0 0 0 0 0 0 0 0 0 0 0 0 0 0 0 0 0 0 0 0 0 0 0 0 0 0 0 0 0 0 0 0 0 0 0 0 0 0 0 0 0 0 0 0 0 0 0 0 0 0 0 0 0 0 0 0 0 0 0 0 0 0 0 0 0 0 0 0 0 0 0 0 0 0 0 0 0 0 0 0 0 0 0 0 0 0 0 0 0 0 0 0 0 0 0
9 48
11 63
64 95
24 84
71 75
18 63
1 58
37 61
0 83
42 92
29 34
12 54
12 94
30 76
10 30
15 78
4 54
27 44
55 89
37 69
20 42
56 80
32 52
16 45
21 79
69 74
36 88
7 81
14 41
14 36
70 84
68 88
34 89
18 20
11 35
39 90
23 68
0 45
26 40
4 57
6 50
16 67
39 79
19 26
72 81
48 77
25 51
47 83
8 13
22 80
10 76
59 71
33 66
2 86
41 95
5 72
13 93
21 28
19 31
60 90
31 91
32 64
50 58
1 85
43 53
27 65
6 73
2 66
52 75
40 49
35 74
33 70
49 60
5 65
22 47
7 91
44 53
9 57
3 78
67 73
23 28
8 17
55 56
43 62
3 51
59 86
15 46
38 77
24 92
29 85
46 87
38 61
25 94
82 87
82 93
17 62
45 60
0 43
69 75
67 84
38 47
4 17
4 30
57 77
34 61
36 70
92 94
58 63
19 33
6 28
11 89
8 11
41 49
38 52
66 75
20 66
18 43
62 69
76 80
42 85
71 78
5 80
40 73
17 26
7 79
59 77
21 29
30 81
91 93
23 53
3 45
20 88
9 71
3 19
62 84
64 67
34 74
50 95
2 33
86 91
14 56
32 46
2 65
36 93
6 87
47 89
1 92
23 86
46 90
18 21
14 22
65 81
16 39
57 94
35 55
25 85
7 55
32 90
44 60
13 51
24 58
31 42
48 49
83 87
53 68
5 76
15 72
29 37
40 68
41 63
50 78
8 10
26 59
10 27
79 82
73 83
28 54
35 70
12 25
0 16
37 39
61 74
9 13
24 64
27 88
44 51
15 54
12 31
48 72
1 56
82 95
22 52
55 84
46 93
52 90
59 89
20 24
5 19
26 65
21 78
49 85
14 17
28 47
15 90
26 73
37 92
54 91
23 24
9 61
42 69
49 94
34 66
12 79
7 20
34 73
10 40
7 11
53 82
8 87
18 72
29 43
74 83
6 18
22 43
16 30
1 60
38 46
60 77
9 39
36 74
56 75
25 50
4 85
32 33
6 82
48 81
58 66
48 76
5 45
68 95
53 87
77 79
23 62
56 89
19 88
52 61
58 69
11 62
22 31
80 86
0 55
2 8
21 63
14 72
54 63
76 95
37 68
1 25
27 42
17 71
0 50
41 92
4 35
29 44
51 57
2 51
32 45
13 80
28 36
33 84
39 75
13 16
3 86
10 83
67 94
12 70
30 47
31 70
27 64
44 64
65 88
78 81
3 57
38 67
40 71
15 91
35 93
41 59
96 288 0
0 0 0 0 0 0 0 0 0 0 0 0 0 0 0 0 0 0 0 0 0 0 0 0 0 0 0 0 0 0 0 0 0 0 0 0 0 0 0 0 0 0 0 0 0 0 0 0 0 0 0 0 0 0 0 0 0 0 0 0 0 0 0 0 0 0 0 0 0 0 0 0 0 0 0 0 0 0 0 0 0 0 0 0 0 0 0 0 0 0 0 0 0 0 0 0
33 84
20 64
83 86
51 60
7 55
54 60
19 37
47 79
41 42
44 45
74 95
43 77
14 65
5 67
33 63
36 89
58 69
31 38
0 59
74 84
4 87
15 35
66 83
3 75
13 90
82 85
43 46
71 85
10 78
28 32
2 50
25 30
8 78
57 81
6 9
53 76
49 94
42 92
11 22
52 63
48 70
17 51
16 92
30 55
4 64
34 70
57 69
28 87
21 22
11 50
26 52
53 79
6 72
29 68
76 94
26 75
15 39
41 77
16 20
18 88
38 47
12 93
67 93
27 61
23 80
17 72
9 56
5 46
14 62
29 56
0 34
73 91
80 95
19 88
62 65
40 86
23 27
25 49
61 82
24 45
48 81
21 31
10 36
7 13
44 71
8 40
3 66
12 39
2 68
1 73
1 91
24 89
37 90
18 32
35 58
54 59
26 41
12 20
34 39
25 32
80 81
12 79
36 95
23 52
31 56
55 71
28 71
15 53
46 77
11 19
4 43
38 88
37 60
38 64
0 3
9 20
51 75
14 49
9 23
11 30
68 78
68 95
50 69
44 91
61 76
0 40
3 33
35 84
18 58
5 18
15 87
45 77
31 42
53 82
10 21
60 84
22 64
1 49
25 93
5 73
63 94
2 59
47 57
83 94
63 92
17 33
45 83
10 74
29 62
41 75
65 66
62 81
1 36
73 76
7 67
7 85
85 86
65 92
48 50
40 72
24 42
4 26
28 82
27 55
35 44
39 48
79 91
52 67
13 74
87 90
46 89
8 30
80 90
6 57
32 72
70 88
13 14
54 86
22 61
16 69
19 93
17 34
54 66
8 59
37 43
2 51
47 56
6 24
27 70
21 58
16 89
29 78
9 83
72 77
88 89
24 41
53 83
22 44
34 62
25 29
47 82
51 80
59 79
29 61
0 66
32 81
11 65
64 73
13 69
51 78
40 67
23 75
14 55
26 92
9 73
39 76
10 58
21 34
26 39
16 93
12 77
14 95
8 61
74 87
31 76
23 60
15 74
52 93
21 94
27 47
11 55
44 90
19 65
50 54
49 66
18 36
18 63
35 67
69 87
17 64
41 86
19 24
35 89
30 37
48 60
16 56
3 20
20 49
4 30
79 94
5 75
43 57
15 38
3 36
27 72
85 95
68 85
46 91
46 56
68 92
32 62
28 81
0 84
10 86
8 70
13 45
31 40
28 59
1 2
22 33
12 71
1 48
4 71
33 90
38 42
7 88
42 70
25 84
50 63
7 53
2 37
17 57
78 80
5 52
45 54
6 91
43 58
6 82
96 288 0
0 0 0 0 0 0 0 0 0 0 0 0 0 0 0 0 0 0 0 0 0 0 0 0 0 0 0 0 0 0 0 0 0 0 0 0 0 0 0 0 0 0 0 0 0 0 0 0 0 0 0 0 0 0 0 0 0 0 0 0 0 0 0 0 0 0 0 0 0 0 0 0 0 0 0 0 0 0 0 0 0 0 0 0 0 0 0 0 0 0 0 0 0 0 0 0
31 37
0 46
24 88
12 73
57 59
13 52
67 90
43 51
42 74
80 90
4 8
44 50
9 18
66 82
23 74
17 56
29 35
36 53
20 53
2 61
16 43
59 94
41 68
26 62
13 72
33 45
54 86
8 56
3 85
48 62
5 22
77 89
7 79
18 76
21 39
31 68
25 65
11 55
61 64
81 95
11 34
60 64
26 88
17 69
28 58
12 33
23 69
24 77
20 72
40 84
52 60
4 91
9 39
14 94
22 63
80 82
1 2
1 65
21 63
40 70
42 51
15 19
30 73
30 47
47 84
76 89
38 46
50 87
28 95
6 35
14 79
75 92
27 87
10 86
3 67
48 78
27 32
19 75
15 49
71 83
10 81
38 66
78 93
16 83
25 34
37 70
6 71
49 58
45 55
7 93
29 36
57 92
85 91
0 41
32 44
5 54
7 24
31 56
63 82
15 51
2 95
2 14
1 12
35 95
30 49
1 39
82 94
15 80
33 69
16 33
13 40
59 90
20 47
10 40
23 73
6 19
65 76
4 53
36 64
22 43
60 88
12 43
72 89
36 57
42 54
75 91
4 93
42 81
3 55
9 52
62 86
14 32
21 80
37 61
21 25
0 18
6 47
7 66
45 74
17 77
8 68
0 83
11 91
5 65
28 85
5 35
23 46
38 84
27 62
60 61
30 51
56 63
45 58
59 71
72 79
41 78
10 73
53 66
3 88
34 94
32 41
46 67
28 49
8 48
17 85
39 83
84 87
16 29
67 68
22 90
52 57
26 70
50 74
13 86
18 19
27 92
37 77
26 69
38 71
9 81
24 34
31 55
54 93
20 87
58 92
11 79
50 76
70 78
29 44
44 89
48 75
25 64
52 89
14 18
26 81
40 90
58 74
26 90
38 76
18 56
12 80
49 80
63 87
37 73
55 93
9 29
1 43
64 67
9 11
7 77
84 89
21 61
65 82
51 71
34 44
57 70
68 83
17 74
24 72
19 66
30 88
23 58
50 78
60 79
33 92
48 82
8 46
19 34
2 50
21 56
54 84
47 66
22 95
8 24
6 30
13 87
68 81
10 45
42 53
29 59
53 59
46 94
3 69
42 76
0 4
10 55
51 83
14 75
49 70
22 60
48 94
31 63
28 75
11 61
2 35
15 38
5 15
41 85
5 78
32 79
1 45
20 41
32 67
27 57
72 85
88 92
69 93
0 86
25 43
27 28
16 39
12 65
17 39
36 71
31 36
33 47
7 16
25 40
62 73
4 23
6 13
44 52
3 62
77 91
37 54
35 64
86 95
20 91
96 288 0
0 0 0 0 0 0 0 0 0 0 0 0 0 0 0 0 0 0 0 0 0 0 0 0 0 0 0 0 0 0 0 0 0 0 0 0 0 0 0 0 0 0 0 0 0 0 0 0 0 0 0 0 0 0 0 0 0 0 0 0 0 0 0 0 0 0 0 0 0 0 0 0 0 0 0 0 0 0 0 0 0 0 0 0 0 0 0 0 0 0 0 0 0 0 0 0
35 95
27 65
5 58
22 62
30 81
13 35
60 90
63 93
14 28
22 69
73 94
47 66
12 86
86 92
8 74
40 41
53 79
54 78
43 92
89 91
60 72
59 75
83 89
5 57
28 30
63 87
26 71
41 72
52 80
49 91
34 45
48 82
12 85
15 88
3 19
26 68
18 39
2 71
10 77
0 88
70 90
49 94
57 67
66 93
11 84
29 32
14 70
34 84
17 56
38 43
64 82
9 31
23 80
18 62
69 73
48 55
1 7
33 87
17 47
8 81
10 54
51 75
53 76
24 68
1 16
79 85
23 44
37 64
25 78
2 46
36 50
27 38
33 83
13 21
11 16
7 42
31 76
21 59
0 67
29 61
19 46
9 65
24 52
25 95
15 44
39 56
20 37
40 77
32 61
36 55
6 58
45 50
3 20
4 6
42 74
4 51
73 83
58 72
19 79
7 36
31 64
4 84
68 81
53 57
35 91
71 92
21 76
48 93
30 48
43 46
68 80
2 65
26 50
35 69
31 55
62 67
47 86
79 89
44 56
50 92
38 52
15 41
27 36
25 90
12 88
20 87
18 78
6 61
66 75
10 23
42 69
3 17
9 54
38 87
76 82
6 39
30 72
10 91
3 75
49 77
8 23
11 95
41 85
40 44
11 29
47 60
37 84
24 63
0 52
64 70
74 83
8 80
51 78
16 22
12 18
1 59
42 81
53 94
26 66
9 21
2 28
37 62
39 90
13 19
14 49
56 86
16 45
5 89
28 77
63 95
45 60
5 55
33 74
14 58
32 85
22 94
15 59
27 29
43 61
0 71
25 57
1 34
20 88
32 34
40 70
7 13
33 73
46 82
65 93
24 67
4 17
51 54
34 73
39 89
30 88
6 51
47 84
33 78
11 26
14 95
45 51
64 67
25 87
41 71
65 82
28 42
30 79
67 90
6 32
23 79
44 74
55 76
12 43
36 95
7 39
10 57
2 31
17 22
29 93
18 61
77 92
77 87
28 60
56 58
3 27
21 46
48 49
15 50
54 69
32 66
59 90
0 18
20 89
56 75
69 88
45 53
22 91
54 86
8 14
13 17
21 81
37 52
60 94
40 49
29 82
24 73
16 35
53 70
19 20
75 93
23 68
42 46
33 47
44 85
70 72
15 86
9 83
63 80
0 13
35 57
11 38
38 65
61 84
36 41
5 72
27 64
40 55
8 12
2 52
1 19
25 83
5 16
62 92
71 94
7 58
4 68
10 50
9 24
48 74
1 91
34 37
26 81
43 80
59 63
4 62
76 85
3 66
31 78
96 288 0
0 0 0 0 0 0 0 0 0 0 0 0 0 0 0 0 0 0 0 0 0 0 0 0 0 0 0 0 0 0 0 0 0 0 0 0 0 0 0 0 0 0 0 0 0 0 0 0 0 0 0 0 0 0 0 0 0 0 0 0 0 0 0 0 0 0 0 0 0 0 0 0 0 0 0 0 0 0 0 0 0 0 0 0 0 0 0 0 0 0 0 0 0 0 0 0
21 23
20 43
9 19
27 44
0 10
62 75
18 46
40 47
50 66
62 93
41 94
8 25
34 79
38 75
7 35
72 78
29 82
6 52
5 57
28 48
23 86
5 8
1 63
63 87
64 89
13 15
4 42
22 33
30 45
79 84
21 48
39 50
83 91
10 65
1 68
77 83
36 80
15 89
26 70
54 55
11 12
14 69
2 16
67 74
18 78
9 81
27 86
7 80
14 88
25 56
16 76
19 61
28 51
46 76
11 47
29 31
59 88
32 58
44 95
20 77
24 60
17 34
33 68
4 37
58 93
72 94
45 57
49 81
51 90
61 92
3 49
71 84
17 82
74 90
0 66
40 69
41 87
36 54
64 73
22 60
53 56
12 70
35 85
30 52
31 39
55 85
24 26
3 92
6 42
32 95
13 73
2 67
38 59
43 91
65 71
37 53
66 90
38 60
4 69
2 9
26 33
0 51
76 91
6 9
3 21
64 86
13 57
50 87
41 42
30 82
52 95
10 93
14 19
0 53
5 84
6 24
22 90
31 61
63 83
28 56
75 89
12 35
2 62
11 74
43 81
48 84
47 94
23 46
71 73
32 65
32 79
45 68
11 92
54 56
17 26
79 95
14 27
72 77
20 54
12 22
48 85
5 28
40 88
29 58
1 17
16 60
51 65
59 69
15 50
49 78
39 93
23 73
20 34
89 94
37 44
74 92
34 55
67 70
62 83
61 75
27 91
36 42
44 82
36 57
19 45
25 38
33 80
46 63
71 72
47 86
55 59
7 30
66 88
7 70
25 41
4 24
1 81
8 68
3 31
40 85
43 64
13 16
18 67
52 53
35 77
49 76
18 87
58 80
15 21
10 39
8 29
37 78
14 26
80 88
4 87
41 43
19 36
0 90
15 44
66 93
6 94
42 65
10 62
27 65
50 89
46 82
67 75
39 41
84 94
31 68
9 85
9 59
28 88
49 86
25 77
15 45
10 78
33 51
2 73
51 73
6 72
22 81
18 63
7 61
67 89
1 7
17 24
18 58
3 91
32 34
21 81
72 91
48 95
29 40
4 80
17 57
11 79
16 64
35 74
27 69
1 87
20 56
35 93
34 53
20 68
47 66
32 82
0 11
5 33
64 75
54 90
52 79
53 71
5 22
30 69
12 13
8 83
23 43
28 61
26 29
19 95
2 58
24 70
42 70
55 60
13 49
62 77
46 56
37 47
84 92
31 45
38 86
25 76
38 57
14 52
54 74
37 76
8 59
48 63
16 55
23 39
40 92
71 78
50 60
3 44
12 83
36 85
21 30
96 288 0
0 0 0 0 0 0 0 0 0 0 0 0 0 0 0 0 0 0 0 0 0 0 0 0 0 0 0 0 0 0 0 0 0 0 0 0 0 0 0 0 0 0 0 0 0 0 0 0 0 0 0 0 0 0 0 0 0 0 0 0 0 0 0 0 0 0 0 0 0 0 0 0 0 0 0 0 0 0 0 0 0 0 0 0 0 0 0 0 0 0 0 0 0 0 0 0
6 16
79 88
55 90
19 46
29 57
76 80
15 25
56 91
39 45
8 68
26 58
72 74
22 44
1 32
42 95
24 36
89 93
0 81
11 76
23 40
78 85
10 53
52 66
40 90
30 55
26 83
15 61
3 12
24 60
29 44
14 70
18 95
27 71
17 51
48 60
64 89
14 67
66 74
2 53
8 80
2 35
38 39
5 35
47 48
41 54
13 82
3 75
84 91
9 33
71 73
38 65
7 45
19 50
20 86
61 94
13 94
5 72
31 86
57 84
69 92
28 37
49 69
16 47
23 87
11 12
32 65
6 62
9 17
25 63
10 56
43 88
75 93
31 62
33 52
30 51
49 82
21 77
1 92
58 59
18 59
43 46
21 70
0 63
27 42
77 78
4 37
34 50
64 87
22 83
67 73
28 36
7 20
54 81
68 85
34 79
4 41
30 61
3 48
20 94
28 79
32 39
54 91
23 34
42 87
4 67
71 92
6 12
24 30
28 54
76 95
2 22
5 13
57 75
1 74
46 81
46 66
43 80
0 87
2 69
62 71
73 78
29 73
49 70
57 64
7 52
27 37
26 36
25 68
25 84
8 47
20 31
24 43
16 88
50 80
0 83
51 84
22 64
9 15
10 83
65 90
45 90
13 53
55 59
19 65
21 88
45 69
27 94
5 86
14 33
66 93
10 70
40 76
40 77
4 26
49 92
7 82
52 77
34 38
47 58
78 89
18 63
33 41
35 74
35 59
61 67
14 19
39 48
41 62
36 82
17 95
12 15
18 85
68 72
44 93
60 86
31 55
17 38
3 32
51 63
1 29
58 60
21 37
16 42
11 53
89 91
11 56
44 50
6 56
81 85
8 79
72 75
9 23
75 91
51 93
0 30
4 53
42 51
6 34
70 76
13 50
78 95
46 65
5 33
90 94
19 59
69 83
21 91
35 84
17 63
15 71
3 21
56 70
12 46
50 67
18 93
38 72
16 86
68 90
11 73
82 85
14 86
62 69
54 57
60 72
45 58
43 62
55 89
1 77
10 29
64 94
23 47
41 92
33 40
25 88
2 16
40 79
52 75
11 80
13 77
8 87
59 71
28 32
31 48
18 37
8 89
37 88
43 48
0 45
4 74
31 84
24 53
14 32
64 73
3 17
42 85
49 52
2 36
1 81
34 81
57 87
39 92
39 61
27 35
66 78
68 74
10 20
19 95
30 58
28 61
20 79
66 80
26 41
9 38
7 12
44 65
44 54
5 6
67 82
25 76
7 26
15 23
60 63
22 27
47 83
24 49
36 55
9 29
22 56
96 288 0
0 0 0 0 0 0 0 0 0 0 0 0 0 0 0 0 0 0 0 0 0 0 0 0 0 0 0 0 0 0 0 0 0 0 0 0 0 0 0 0 0 0 0 0 0 0 0 0 0 0 0 0 0 0 0 0 0 0 0 0 0 0 0 0 0 0 0 0 0 0 0 0 0 0 0 0 0 0 0 0 0 0 0 0 0 0 0 0 0 0 0 0 0 0 0 0
76 81
34 55
27 60
12 58
38 44
63 72
31 47
10 51
21 63
4 29
9 75
16 33
34 95
0 40
14 86
69 70
8 23
3 61
1 48
20 80
17 20
43 89
30 87
41 45
60 61
40 71
64 71
46 65
39 54
33 87
8 73
6 77
2 37
48 78
25 78
81 84
11 32
57 80
28 74
18 79
77 85
54 56
21 68
62 85
51 67
5 92
42 49
19 69
26 59
15 38
15 19
43 64
46 68
57 90
88 92
27 29
5 67
24 79
89 91
23 95
36 75
4 53
9 94
62 88
14 90
18 50
13 22
72 76
36 56
70 74
0 58
11 41
22 35
26 86
6 83
66 91
16 37
49 82
7 10
45 55
28 94
7 32
35 50
24 52
17 59
47 53
31 83
39 93
42 52
73 84
1 93
44 65
66 82
12 13
2 30
3 25
8 70
60 68
41 91
7 25
45 80
5 82
26 67
37 66
27 59
55 57
13 30
9 50
3 94
3 19
1 39
70 91
20 65
35 61
20 75
64 68
14 93
35 56
4 58
4 87
40 63
47 51
80 94
17 89
5 38
2 29
10 81
62 95
49 75
26 33
19 77
64 74
0 69
23 87
60 66
1 82
73 88
24 49
40 61
23 36
42 54
7 29
39 58
28 83
37 53
22 81
45 73
6 47
21 57
56 90
17 71
67 89
43 46
78 79
50 76
31 92
46 62
22 63
21 86
11 74
16 18
72 85
13 36
43 93
83 85
12 65
2 88
15 78
25 41
31 44
32 95
71 84
6 27
76 86
14 79
8 52
38 48
18 54
44 92
0 72
33 51
9 55
30 59
32 84
42 69
15 24
10 12
53 77
11 52
16 90
34 48
28 34
68 95
61 62
83 90
34 46
38 60
18 61
52 89
2 64
26 52
40 41
25 44
51 65
34 54
8 71
21 82
29 38
53 67
11 84
5 72
6 87
31 63
21 35
26 57
57 66
50 55
31 84
39 68
75 90
56 87
1 9
56 91
30 44
12 54
27 78
14 70
28 95
80 92
5 30
36 62
58 66
39 43
19 76
11 51
10 27
0 59
59 85
36 47
33 53
6 69
1 49
19 71
23 77
33 45
55 79
3 17
13 94
81 85
75 93
20 41
15 93
4 16
0 28
40 69
4 42
79 86
16 74
7 77
13 86
9 49
43 50
48 76
42 81
24 83
15 20
32 70
17 48
18 58
25 60
72 91
12 37
22 74
14 80
37 47
24 29
67 82
2 46
7 22
3 73
73 92
64 88
35 89
23 88
32 63
10 45
8 78
65 94
96 288 0
0 0 0 0 0 0 0 0 0 0 0 0 0 0 0 0 0 0 0 0 0 0 0 0 0 0 0 0 0 0 0 0 0 0 0 0 0 0 0 0 0 0 0 0 0 0 0 0 0 0 0 0 0 0 0 0 0 0 0 0 0 0 0 0 0 0 0 0 0 0 0 0 0 0 0 0 0 0 0 0 0 0 0 0 0 0 0 0 0 0 0 0 0 0 0 0
56 84
42 87
3 46
27 83
1 7
23 36
70 76
89 91
10 66
51 95
71 74
7 69
22 94
16 30
13 38
2 58
4 31
30 61
39 66
2 95
48 91
31 58
0 25
74 90
6 17
40 72
23 59
57 85
0 43
43 52
39 50
20 63
16 61
49 68
65 78
11 77
26 75
80 81
25 33
8 22
13 34
73 94
12 89
56 65
4 78
55 93
55 67
50 54
17 73
44 64
44 62
40 92
1 68
8 63
18 32
53 69
24 45
9 41
3 71
12 70
82 92
37 87
54 64
5 19
20 59
46 88
37 82
28 93
47 84
57 88
15 67
5 21
18 21
10 62
14 81
33 49
11 52
60 76
29 35
15 29
45 75
19 51
48 77
6 14
27 36
35 60
26 90
41 86
47 80
28 79
24 79
42 85
9 34
53 72
38 86
32 83
20 78
25 52
3 19
30 93
17 28
10 45
17 39
12 83
70 88
6 71
73 83
4 53
19 43
0 5
35 64
64 80
14 46
1 54
26 84
18 73
20 75
33 60
3 47
34 88
16 58
21 23
50 67
15 30
79 85
78 79
25 58
2 22
48 59
41 63
6 55
40 61
68 95
50 91
7 81
67 74
13 44
61 71
32 38
55 66
89 94
23 42
51 90
53 84
4 49
29 56
69 87
9 86
41 45
32 77
37 92
24 47
54 81
27 91
44 57
1 31
18 72
26 48
0 95
15 63
56 77
24 27
52 86
10 14
8 62
33 51
38 82
31 40
43 94
7 74
13 85
5 76
22 34
66 70
60 90
8 87
49 69
12 35
36 68
11 62
75 92
16 37
46 89
65 72
29 36
21 57
76 93
11 28
9 82
39 80
2 42
59 65
36 50
28 43
49 94
47 93
39 68
5 72
23 38
39 82
35 61
19 21
37 43
5 38
69 88
20 53
24 78
48 56
51 75
77 81
7 14
17 91
27 67
11 24
31 89
57 59
2 82
14 45
22 84
30 55
20 94
9 18
49 74
4 13
80 92
12 79
76 89
10 28
4 84
32 67
62 64
47 74
34 60
59 73
52 95
33 95
21 93
63 90
29 75
50 64
70 77
0 72
42 65
1 8
81 83
62 63
26 46
44 73
36 90
58 65
46 48
0 60
54 61
15 71
12 76
23 83
3 17
34 86
18 41
16 57
53 85
29 40
16 42
25 88
11 66
2 10
8 71
32 51
7 41
26 91
35 79
9 31
3 33
66 68
54 55
80 85
40 69
25 37
52 78
6 15
45 92
56 87
30 58
13 70
27 87
22 44
19 86
1 6
96 288 0
0 0 0 0 0 0 0 0 0 0 0 0 0 0 0 0 0 0 0 0 0 0 0 0 0 0 0 0 0 0 0 0 0 0 0 0 0 0 0 0 0 0 0 0 0 0 0 0 0 0 0 0 0 0 0 0 0 0 0 0 0 0 0 0 0 0 0 0 0 0 0 0 0 0 0 0 0 0 0 0 0 0 0 0 0 0 0 0 0 0 0 0 0 0 0 0
17 67
12 58
78 82
30 89
68 85
25 52
41 88
53 63
7 42
1 40
5 69
51 58
19 93
62 93
56 64
14 85
22 63
16 79
33 68
9 38
59 61
43 72
31 86
10 83
20 77
20 54
45 82
55 91
48 61
3 27
32 67
21 76
36 37
43 48
7 30
29 55
42 60
10 84
32 38
34 76
28 57
23 34
22 90
4 37
16 26
15 18
66 75
6 23
8 25
46 91
29 33
18 62
0 35
40 83
28 65
36 87
45 52
59 69
3 80
0 21
11 87
50 84
39 66
54 78
73 77
8 79
19 74
12 13
86 94
15 74
53 72
11 47
24 80
17 57
26 49
1 60
2 13
5 14
44 71
44 46
9 95
65 70
6 71
39 92
35 75
27 95
51 81
64 81
50 89
4 31
2 90
56 92
41 70
47 88
49 94
24 73
23 95
61 68
30 57
53 66
52 79
11 30
10 43
6 35
4 67
34 60
41 54
34 69
1 11
39 40
0 67
24 91
28 79
28 32
44 49
55 65
4 83
29 86
1 32
66 77
85 87
6 90
20 50
2 51
14 91
50 93
89 93
7 17
12 87
9 64
7 39
31 85
12 35
74 80
22 75
21 90
23 46
8 21
41 73
2 36
48 76
37 84
61 78
31 72
42 94
5 38
51 92
18 81
88 92
73 78
33 82
14 58
18 25
22 54
8 69
26 40
13 16
20 25
19 59
62 81
56 75
38 48
0 36
52 60
42 63
15 86
43 63
10 70
27 74
45 47
3 72
15 53
65 77
44 47
29 37
57 89
17 49
9 94
24 82
68 71
62 64
58 84
56 83
3 13
70 71
33 80
16 19
27 55
88 95
5 46
59 76
26 45
7 19
15 28
37 40
22 31
30 55
32 52
36 94
13 72
73 95
51 95
82 91
57 87
14 15
17 52
43 84
21 88
23 76
9 32
41 90
12 63
51 78
10 38
55 83
3 24
2 53
64 88
71 79
12 77
4 10
34 45
39 82
23 27
4 6
19 50
1 45
26 56
38 90
46 48
7 40
60 86
71 84
49 76
37 80
1 93
57 63
65 69
0 11
3 75
8 61
20 81
8 85
0 59
47 70
13 68
18 42
16 85
35 61
68 89
80 86
25 62
58 81
74 78
73 83
28 36
17 60
70 92
47 72
33 89
65 66
44 58
56 74
59 93
31 35
48 77
44 67
5 30
25 66
33 42
29 49
2 27
62 69
43 87
6 18
54 79
24 54
22 91
16 46
39 64
11 34
41 92
50 67
26 94
21 75
29 53
14 20
5 9
96 288 0
0 0 0 0 0 0 0 0 0 0 0 0 0 0 0 0 0 0 0 0 0 0 0 0 0 0 0 0 0 0 0 0 0 0 0 0 0 0 0 0 0 0 0 0 0 0 0 0 0 0 0 0 0 0 0 0 0 0 0 0 0 0 0 0 0 0 0 0 0 0 0 0 0 0 0 0 0 0 0 0 0 0 0 0 0 0 0 0 0 0 0 0 0 0 0 0
4 80
60 69
10 86
47 79
50 87
18 40
41 45
37 73
24 79
15 92
2 12
5 40
46 53
32 52
48 67
28 68
0 56
16 92
0 64
75 77
45 84
25 88
9 93
26 51
85 90
2 67
13 94
10 20
20 46
42 51
11 47
7 30
3 58
27 62
9 52
38 82
8 68
18 66
24 59
19 27
31 85
49 56
15 86
48 94
35 89
57 91
25 39
57 77
44 60
21 41
71 72
32 43
69 72
19 62
1 28
55 95
14 93
39 89
1 8
3 33
61 82
17 43
74 81
80 95
58 78
70 88
22 36
7 78
6 83
6 23
17 65
34 63
49 64
35 81
63 87
84 90
33 54
30 54
36 59
11 26
55 74
14 76
53 75
29 34
37 61
50 66
16 70
29 83
12 22
21 31
23 42
4 91
5 44
38 71
65 76
13 73
6 44
14 74
66 77
27 61
54 67
43 49
25 56
20 79
83 88
81 93
25 37
0 39
9 46
8 70
44 70
15 73
75 82
24 50
0 45
2 65
18 87
32 53
26 66
59 64
7 48
15 89
24 35
30 63
57 68
63 64
31 50
32 72
34 55
41 60
10 19
18 36
29 58
47 84
69 94
12 55
17 67
42 78
8 21
23 88
38 43
16 83
37 48
26 30
7 11
5 51
41 84
20 27
34 90
79 95
62 75
21 71
39 46
13 91
33 92
40 76
14 87
35 49
90 95
58 85
2 60
1 4
1 53
17 62
22 81
11 92
3 68
72 94
51 57
65 86
33 45
13 74
19 42
52 71
31 56
23 29
4 22
52 77
54 85
82 93
61 76
5 80
3 28
36 78
16 86
47 59
12 73
6 40
28 80
9 69
10 91
38 89
39 81
53 62
10 24
43 84
7 88
45 73
5 84
29 37
54 77
41 46
76 83
52 67
16 48
56 75
26 90
39 60
13 20
21 50
11 55
34 70
57 70
12 42
66 76
15 44
51 94
14 82
28 62
65 93
8 40
31 59
56 79
2 18
21 85
50 74
68 72
29 80
3 78
57 87
32 35
23 35
20 47
30 64
63 85
17 92
12 87
33 47
1 91
30 44
1 6
19 74
19 34
33 83
54 78
4 59
2 58
9 64
8 67
7 28
15 55
77 82
80 91
42 79
6 43
22 71
63 69
60 95
16 58
9 61
31 71
13 75
0 51
11 40
32 94
18 45
38 88
68 73
3 53
5 86
14 49
23 48
22 27
38 86
46 90
26 81
25 41
52 72
10 89
69 92
27 37
4 93
25 36
0 61
65 95
66 89
24 49
17 36
96 288 0
0 0 0 0 0 0 0 0 0 0 0 0 0 0 0 0 0 0 0 0 0 0 0 0 0 0 0 0 0 0 0 0 0 0 0 0 0 0 0 0 0 0 0 0 0 0 0 0 0 0 0 0 0 0 0 0 0 0 0 0 0 0 0 0 0 0 0 0 0 0 0 0 0 0 0 0 0 0 0 0 0 0 0 0 0 0 0 0 0 0 0 0 0 0 0 0
20 49
17 84
30 36
52 78
29 43
0 18
4 23
10 60
34 36
37 40
2 55
1 7
61 80
7 12
11 27
53 80
85 88
17 41
45 65
42 87
32 74
64 83
9 31
22 27
3 89
13 69
4 38
2 64
56 94
26 31
61 72
34 53
79 91
45 71
67 70
30 68
33 48
69 70
21 59
65 83
13 16
16 89
12 44
3 51
14 58
29 38
90 91
19 39
0 82
42 58
15 66
5 71
35 54
72 87
55 78
5 25
50 68
19 41
6 52
50 62
24 28
25 47
81 86
57 76
24 77
18 33
46 84
8 32
14 46
51 56
94 95
26 76
21 22
47 74
48 82
23 85
49 92
1 10
66 75
44 93
6 11
88 95
73 86
37 60
39 90
15 28
35 79
40 92
20 59
9 57
54 63
75 77
43 93
63 67
62 81
8 73
20 67
35 91
32 45
12 14
23 95
39 62
8 94
55 63
72 79
90 93
14 28
41 86
41 73
68 73
27 78
15 85
42 52
36 81
12 69
13 87
23 49
67 78
71 75
40 89
2 60
59 75
33 89
48 65
76 92
6 16
20 91
47 52
0 83
25 55
21 68
25 88
17 60
7 59
64 80
47 54
39 54
74 88
57 93
22 81
11 37
36 72
8 58
10 76
19 90
31 56
63 80
6 82
9 48
22 29
56 69
34 58
24 43
26 27
28 85
21 92
46 51
70 94
1 84
4 43
37 44
79 87
38 77
15 84
11 61
26 77
33 51
40 66
0 65
10 35
31 32
13 53
18 46
30 62
49 57
18 61
44 50
19 38
1 2
30 82
3 66
4 29
3 74
7 16
5 70
34 50
5 64
24 95
53 86
9 45
71 83
17 42
28 73
11 33
20 86
42 53
8 66
38 69
64 95
4 19
8 75
39 67
7 46
3 90
24 91
36 92
75 82
20 40
46 68
32 84
45 56
5 47
11 30
48 87
4 62
16 23
35 40
77 78
10 69
66 93
0 89
21 95
63 64
78 92
15 76
18 80
54 70
63 70
9 41
44 53
27 36
41 49
15 30
49 91
25 79
25 85
67 77
61 93
22 55
22 68
61 81
14 60
57 59
81 90
23 60
37 56
13 35
76 94
2 58
0 59
45 54
12 47
71 74
21 51
13 88
17 38
34 51
44 94
31 43
26 50
3 85
24 74
27 62
1 86
33 84
6 34
31 48
26 29
2 83
6 19
52 72
17 50
7 80
10 57
5 52
32 43
58 72
83 89
14 37
39 65
29 71
42 55
16 65
12 73
82 87
1 88
9 79
18 28
96 288 0
0 0 0 0 0 0 0 0 0 0 0 0 0 0 0 0 0 0 0 0 0 0 0 0 0 0 0 0 0 0 0 0 0 0 0 0 0 0 0 0 0 0 0 0 0 0 0 0 0 0 0 0 0 0 0 0 0 0 0 0 0 0 0 0 0 0 0 0 0 0 0 0 0 0 0 0 0 0 0 0 0 0 0 0 0 0 0 0 0 0 0 0 0 0 0 0
38 42
33 49
54 91
20 56
17 43
21 63
82 94
25 91
71 82
16 51
13 56
20 95
76 81
45 86
30 34
48 52
14 73
18 88
27 40
4 60
0 59
23 32
57 58
92 94
36 55
0 15
22 67
1 54
88 89
22 80
9 24
23 70
62 70
2 19
32 68
33 47
34 74
8 41
8 11
45 92
5 38
37 43
48 61
52 65
36 37
24 50
26 76
61 77
3 31
7 69
79 89
71 84
30 69
6 9
13 28
17 79
35 83
35 74
39 75
1 65
14 41
78 80
5 28
19 44
16 66
31 59
18 29
12 72
4 81
29 68
57 84
6 50
63 83
27 47
21 64
11 86
62 87
66 93
55 85
10 53
44 78
73 90
58 60
39 90
2 85
53 77
42 49
40 46
3 46
64 87
25 67
51 72
26 95
75 93
10 12
7 15
36 73
20 30
13 82
71 81
37 93
21 65
68 79
34 64
52 85
5 58
47 68
8 74
37 57
17 84
2 14
14 63
12 92
46 77
11 76
25 50
1 23
13 18
72 73
5 27
0 10
48 49
42 58
4 52
70 89
2 42
7 74
24 71
61 65
21 54
16 79
6 56
76 83
38 44
19 26
16 53
40 45
31 75
11 43
45 53
43 55
17 19
39 41
28 60
48 57
27 33
7 30
3 49
9 35
28 51
8 34
62 94
62 88
3 15
33 60
6 78
87 91
40 95
25 29
29 86
22 90
26 85
23 35
64 72
9 32
15 69
32 38
78 86
4 90
22 88
59 80
51 55
83 92
10 67
77 87
66 70
46 93
41 67
18 82
56 59
44 61
12 95
31 54
66 84
20 94
0 47
1 91
69 80
75 89
36 81
50 63
24 39
9 78
57 71
29 43
15 61
28 62
51 59
20 68
26 55
36 58
0 90
44 95
19 75
52 70
23 54
32 60
45 68
19 81
27 83
46 63
16 86
46 83
21 92
37 77
60 76
49 69
41 86
28 52
50 75
24 25
78 94
35 73
30 88
5 41
10 35
42 85
47 85
14 59
93 94
67 87
48 90
2 15
4 36
6 33
37 56
16 77
2 4
8 89
34 42
22 40
7 31
76 80
7 22
38 72
17 38
31 53
30 39
1 79
10 43
66 82
23 89
54 81
74 82
18 72
24 44
0 32
34 40
3 14
8 13
55 87
12 58
45 50
12 61
11 84
20 66
62 95
29 70
9 73
71 91
1 27
5 48
64 74
65 92
39 63
64 69
6 93
25 33
80 84
67 79
21 47
18 49
56 91
11 57
17 65
13 53
26 88
3 51
96 288 0
0 0 0 0 0 0 0 0 0 0 0 0 0 0 0 0 0 0 0 0 0 0 0 0 0 0 0 0 0 0 0 0 0 0 0 0 0 0 0 0 0 0 0 0 0 0 0 0 0 0 0 0 0 0 0 0 0 0 0 0 0 0 0 0 0 0 0 0 0 0 0 0 0 0 0 0 0 0 0 0 0 0 0 0 0 0 0 0 0 0 0 0 0 0 0 0
31 70
22 44
14 65
1 65
24 33
53 76
17 29
17 38
3 5
12 40
41 77
68 78
38 50
13 74
2 87
57 91
0 19
18 59
7 34
12 78
13 60
3 73
49 72
6 54
63 88
8 19
18 54
74 84
27 66
16 82
69 79
33 61
26 83
62 77
5 10
52 69
11 43
42 64
30 46
52 89
21 51
9 67
31 59
36 86
43 71
44 60
72 83
39 41
20 66
58 84
25 90
79 86
32 45
50 81
47 94
56 87
21 75
16 88
23 47
71 90
11 56
25 92
26 85
51 95
15 80
4 34
49 55
22 23
39 64
10 20
36 53
4 15
35 82
93 95
85 93
0 75
1 35
61 76
7 14
57 67
28 58
2 48
9 40
30 32
55 80
63 73
48 62
70 89
8 37
91 94
27 42
24 28
29 45
6 37
46 68
81 92
74 89
55 93
25 77
5 29
15 66
29 83
19 37
17 79
69 94
24 87
20 25
47 52
23 65
35 43
33 86
20 50
10 41
34 42
24 57
8 45
6 12
4 14
36 61
21 64
51 56
43 68
7 63
27 78
22 81
38 58
14 74
48 57
18 82
30 31
2 31
3 35
40 49
13 26
5 38
3 40
11 44
63 85
16 59
16 47
66 70
37 76
12 33
61 80
69 81
73 84
46 83
42 94
28 64
53 77
39 58
30 79
7 49
75 86
60 89
9 60
62 88
44 67
6 67
4 91
41 46
48 87
10 93
9 88
21 82
28 54
1 91
76 95
71 72
39 55
15 19
13 45
56 62
8 32
27 32
26 59
51 73
72 80
17 50
1 22
85 92
11 84
90 95
18 34
36 54
2 92
52 75
0 65
23 90
70 78
0 53
68 71
15 32
10 69
5 31
16 94
57 60
48 50
10 43
20 38
8 40
19 61
49 52
72 91
7 71
47 77
9 52
73 85
53 64
0 66
13 82
30 57
1 59
38 79
6 25
55 61
56 58
9 94
78 95
13 41
70 74
23 73
3 89
37 63
42 62
66 95
50 90
86 87
37 54
11 67
58 83
19 81
55 75
12 26
35 63
35 45
8 80
17 44
56 80
29 33
21 92
18 53
34 70
31 88
1 51
14 71
6 79
15 17
46 75
36 44
20 45
59 76
2 36
21 33
30 84
11 25
48 93
14 81
29 78
34 74
2 67
27 92
68 85
24 68
3 24
18 42
0 22
26 64
16 49
39 83
40 43
28 91
27 89
22 90
47 86
7 41
77 93
4 72
12 82
54 87
4 62
65 69
23 28
51 76
65 84
32 60
46 88
5 39
96 288 0
0 0 0 0 0 0 0 0 0 0 0 0 0 0 0 0 0 0 0 0 0 0 0 0 0 0 0 0 0 0 0 0 0 0 0 0 0 0 0 0 0 0 0 0 0 0 0 0 0 0 0 0 0 0 0 0 0 0 0 0 0 0 0 0 0 0 0 0 0 0 0 0 0 0 0 0 0 0 0 0 0 0 0 0 0 0 0 0 0 0 0 0 0 0 0 0
62 71
75 88
7 58
9 25
44 68
59 78
32 43
24 32
60 93
18 44
57 69
21 67
20 35
37 77
51 61
27 82
36 79
50 90
51 56
12 92
20 87
10 12
8 80
14 22
53 95
24 52
29 82
22 91
16 31
17 19
21 45
5 6
30 92
40 58
10 81
1 2
49 89
23 33
65 70
5 91
30 63
60 79
74 90
52 73
42 57
42 53
0 64
72 86
13 15
47 75
14 47
33 72
8 37
23 94
15 28
40 50
13 81
84 87
17 18
56 78
39 43
31 39
55 74
9 65
4 55
41 85
70 83
6 48
7 49
3 73
26 34
45 46
46 62
25 94
76 95
3 93
36 54
19 63
66 67
68 84
48 64
11 38
77 80
29 88
28 85
1 11
2 59
66 76
38 61
27 83
34 89
26 71
35 86
0 41
16 69
4 54
33 67
61 63
8 56
36 86
13 24
35 74
22 28
26 92
14 21
30 60
49 79
78 93
61 66
38 48
43 89
82 87
46 54
4 84
30 81
25 88
16 19
7 42
16 50
13 51
73 74
54 55
4 11
10 22
14 66
31 90
26 59
34 83
32 70
39 68
0 37
24 62
2 3
28 29
84 89
10 45
59 94
7 87
1 80
48 63
32 85
44 72
58 67
57 82
5 52
56 91
19 68
12 27
12 18
77 79
3 23
55 85
2 60
47 76
58 62
64 69
18 23
53 86
42 95
40 65
29 44
6 11
38 75
15 75
5 51
15 88
9 71
17 43
46 92
1 81
20 69
53 93
17 78
34 95
33 91
41 50
39 72
27 80
64 90
41 71
45 52
6 70
0 76
47 77
20 37
36 83
57 94
9 49
8 35
65 73
25 40
21 31
55 93
58 81
35 89
50 86
16 57
2 73
75 92
43 73
64 94
48 59
25 68
17 26
21 44
5 31
31 40
51 88
60 87
53 54
20 39
43 77
48 71
60 76
6 62
11 65
65 82
18 72
7 90
30 34
64 91
42 71
51 80
28 74
67 78
69 79
41 45
8 72
15 52
10 54
16 27
63 83
12 63
40 93
20 27
42 74
59 66
3 61
1 10
1 46
4 87
26 36
13 32
67 70
58 95
23 68
62 91
2 22
15 19
11 56
37 78
61 75
56 80
5 94
17 79
4 14
36 49
29 90
23 38
35 52
3 84
9 81
9 37
25 33
50 70
21 88
30 32
24 49
28 92
18 45
41 83
0 82
85 89
34 86
6 66
44 47
38 55
8 57
69 84
22 29
12 39
24 46
13 47
19 76
33 95
7 53
14 85
0 77
96 288 0
0 0 0 0 0 0 0 0 0 0 0 0 0 0 0 0 0 0 0 0 0 0 0 0 0 0 0 0 0 0 0 0 0 0 0 0 0 0 0 0 0 0 0 0 0 0 0 0 0 0 0 0 0 0 0 0 0 0 0 0 0 0 0 0 0 0 0 0 0 0 0 0 0 0 0 0 0 0 0 0 0 0 0 0 0 0 0 0 0 0 0 0 0 0 0 0
17 94
13 31
76 89
40 84
73 92
68 84
43 79
35 57
19 50
17 33
50 62
71 74
33 72
9 79
47 77
28 34
27 51
37 52
24 44
72 82
28 91
0 53
14 67
3 66
11 65
31 90
42 92
3 53
64 73
10 14
21 88
0 87
57 83
24 86
38 80
5 38
18 81
16 18
9 83
48 59
34 87
1 20
46 88
40 41
67 78
6 75
30 39
61 86
6 35
66 85
32 60
20 71
1 68
45 54
7 16
58 65
4 26
23 61
29 80
12 77
15 75
43 69
2 94
60 63
39 41
13 81
54 59
56 64
7 22
10 25
30 44
55 69
51 74
29 62
25 56
70 89
8 95
76 82
23 36
27 95
63 93
4 36
12 37
15 47
85 91
11 49
2 32
19 49
21 22
26 58
5 8
46 52
45 48
42 55
90 93
70 78
50 52
38 66
28 48
2 18
40 75
77 84
65 72
16 54
73 81
26 83
76 81
8 16
22 80
39 47
17 95
25 88
26 93
37 41
84 93
48 61
1 70
13 36
44 79
18 80
49 82
3 30
0 42
7 88
42 83
45 94
10 82
5 39
1 60
15 43
2 90
30 78
15 94
33 86
33 77
31 87
29 51
71 78
57 92
69 95
44 89
27 68
67 70
0 8
41 64
45 85
6 53
37 46
10 20
47 62
9 34
35 72
12 32
7 56
46 74
21 58
29 40
11 79
12 23
21 60
5 76
75 91
36 63
58 67
59 71
52 73
55 61
43 86
24 64
22 35
17 92
34 85
24 50
49 55
57 63
25 51
31 53
9 54
68 87
19 62
28 89
19 27
59 74
11 20
4 90
13 56
4 65
23 66
14 69
38 91
14 32
3 6
28 31
8 36
53 93
46 77
60 95
78 83
32 59
49 77
27 40
25 72
18 58
17 30
18 61
53 75
85 89
60 92
40 66
11 48
57 67
7 13
20 45
21 56
54 86
19 37
13 69
12 87
10 84
3 47
39 89
19 43
45 61
1 2
30 87
9 92
29 94
12 70
15 22
15 91
44 84
82 88
11 14
42 54
25 94
64 67
41 72
2 78
7 71
63 70
37 73
20 80
57 90
26 56
58 82
0 90
8 63
44 52
5 51
55 73
48 88
3 14
4 27
6 83
17 26
29 76
50 51
0 16
74 76
34 42
16 81
47 79
4 62
33 38
6 46
21 35
24 41
1 9
28 93
31 50
5 36
86 95
32 71
23 49
59 85
64 65
35 74
39 69
33 81
10 23
24 91
66 75
62 80
22 79
43 55
38 68
52 68
34 65
96 288 0
0 0 0 0 0 0 0 0 0 0 0 0 0 0 0 0 0 0 0 0 0 0 0 0 0 0 0 0 0 0 0 0 0 0 0 0 0 0 0 0 0 0 0 0 0 0 0 0 0 0 0 0 0 0 0 0 0 0 0 0 0 0 0 0 0 0 0 0 0 0 0 0 0 0 0 0 0 0 0 0 0 0 0 0 0 0 0 0 0 0 0 0 0 0 0 0
27 52
49 91
20 58
51 93
11 21
37 70
9 77
18 60
62 64
35 65
82 86
71 85
67 75
12 29
47 54
29 91
76 82
4 72
44 71
3 48
22 30
67 92
73 90
15 88
27 62
42 66
34 63
20 94
0 63
18 34
41 59
60 78
25 39
61 85
15 87
22 87
5 44
21 51
6 93
32 90
3 70
1 80
25 68
10 83
69 89
8 66
40 75
41 43
0 89
74 88
40 74
72 76
26 78
23 68
31 80
43 95
23 92
19 81
9 45
8 12
37 48
55 69
38 84
45 58
13 56
31 33
2 61
57 79
16 84
49 64
19 56
50 65
39 83
55 59
24 52
4 36
28 32
28 81
50 94
10 86
57 77
14 16
26 95
46 73
14 54
24 79
33 36
7 53
6 11
17 30
1 7
35 46
5 38
13 42
17 53
2 47
39 70
25 62
40 77
34 76
9 20
25 42
16 80
15 83
3 75
19 50
5 66
10 18
45 64
41 93
55 81
27 84
32 65
52 77
38 68
14 88
7 71
20 89
29 85
44 94
69 93
24 59
16 47
12 41
30 72
29 74
51 87
4 32
4 56
21 35
2 6
23 66
43 73
11 67
57 63
71 73
55 61
17 51
3 69
42 63
48 84
10 74
36 57
5 37
22 37
44 58
75 89
82 91
13 50
14 36
39 82
64 85
2 26
54 94
13 31
1 86
28 62
31 78
68 86
18 28
11 12
58 91
65 72
88 92
33 49
24 35
7 95
43 53
9 70
60 83
46 90
47 80
27 87
46 56
0 81
6 21
26 90
40 78
19 52
15 38
59 60
0 22
48 53
30 92
1 79
67 76
23 61
49 79
34 54
8 95
17 45
8 33
22 88
21 50
47 73
20 76
6 90
56 82
64 90
32 62
59 61
13 51
67 68
26 48
10 47
9 94
71 95
23 30
42 95
4 92
30 80
17 84
60 73
12 25
77 79
24 91
16 24
53 74
44 57
31 84
46 65
62 82
41 87
2 8
50 77
18 22
26 34
10 33
52 53
0 83
9 43
11 88
15 54
13 74
0 21
27 57
68 76
40 45
42 51
39 86
17 35
43 55
36 55
5 54
29 60
20 48
66 81
7 16
6 83
46 61
27 35
29 33
63 91
37 39
3 45
36 49
8 69
15 58
92 93
3 86
56 85
69 75
70 72
41 72
37 49
14 89
52 71
28 40
23 67
38 59
64 79
32 66
14 70
31 44
2 19
18 93
7 80
4 78
28 94
63 87
81 85
65 78
5 58
1 25
11 89
34 38
1 12
19 75
96 288 0
0 0 0 0 0 0 0 0 0 0 0 0 0 0 0 0 0 0 0 0 0 0 0 0 0 0 0 0 0 0 0 0 0 0 0 0 0 0 0 0 0 0 0 0 0 0 0 0 0 0 0 0 0 0 0 0 0 0 0 0 0 0 0 0 0 0 0 0 0 0 0 0 0 0 0 0 0 0 0 0 0 0 0 0 0 0 0 0 0 0 0 0 0 0 0 0
23 67
74 83
11 61
18 71
47 57
4 18
14 50
37 59
12 73
5 11
16 48
19 55
43 86
26 62
24 92
15 56
65 87
70 85
3 66
30 44
22 49
31 65
67 80
2 41
9 36
32 42
39 52
35 94
7 78
6 16
57 58
91 94
75 88
21 24
23 91
15 22
13 93
36 45
14 25
2 55
19 43
76 77
41 69
54 64
34 86
20 53
6 12
1 61
32 74
46 69
17 30
72 76
54 68
27 44
77 90
21 45
51 88
28 87
47 89
1 80
39 93
73 84
9 84
59 71
72 85
62 68
7 60
0 64
33 79
66 95
35 82
46 60
26 75
50 63
8 95
20 56
29 89
27 38
34 49
51 90
0 40
8 42
81 92
10 40
4 82
33 53
48 63
13 83
28 31
10 78
25 58
3 70
38 52
17 81
5 79
29 37
85 87
3 48
45 81
9 44
24 38
4 58
5 93
19 27
5 85
10 11
75 83
28 95
43 92
29 67
29 63
51 66
7 31
32 39
7 89
50 52
21 84
6 90
26 82
19 73
17 41
51 54
26 49
49 66
55 74
23 37
61 76
11 24
38 68
0 70
35 75
8 39
16 73
35 83
23 41
1 81
30 65
69 76
18 82
43 45
2 90
25 42
20 95
12 53
34 94
78 79
34 40
28 47
14 55
52 74
15 31
36 91
56 86
42 65
2 48
47 59
8 57
58 68
60 71
25 54
4 50
3 88
27 72
36 77
22 61
79 84
60 92
56 59
15 21
0 37
78 89
62 94
1 86
13 62
14 30
12 46
53 64
20 91
13 40
6 87
17 33
67 77
18 70
9 33
63 93
57 80
10 44
22 80
16 71
46 64
69 72
32 88
12 28
36 93
33 70
20 55
42 63
21 83
22 88
29 81
13 85
17 79
92 94
1 8
54 87
72 82
75 90
16 46
32 61
17 35
27 67
30 74
7 48
86 89
27 73
3 12
22 39
9 45
30 68
11 69
23 51
6 71
56 72
47 91
26 43
50 73
0 94
35 60
24 75
8 34
45 52
49 92
34 61
13 54
18 80
15 48
7 90
63 83
33 84
41 85
78 82
57 95
31 81
9 38
59 66
49 62
40 41
26 50
25 70
10 36
44 53
1 67
65 76
55 87
4 84
19 88
68 77
14 43
16 95
19 64
29 91
58 62
25 69
23 44
24 56
15 66
64 78
32 89
46 71
39 76
3 60
37 65
20 47
52 77
11 40
51 59
18 58
21 38
2 79
42 74
2 6
14 28
4 10
37 57
5 31
5 53
86 93
0 80
96 288 0
0 0 0 0 0 0 0 0 0 0 0 0 0 0 0 0 0 0 0 0 0 0 0 0 0 0 0 0 0 0 0 0 0 0 0 0 0 0 0 0 0 0 0 0 0 0 0 0 0 0 0 0 0 0 0 0 0 0 0 0 0 0 0 0 0 0 0 0 0 0 0 0 0 0 0 0 0 0 0 0 0 0 0 0 0 0 0 0 0 0 0 0 0 0 0 0
31 63
9 76
12 68
1 70
5 42
25 84
46 60
79 80
75 79
64 67
39 70
9 78
10 71
29 92
10 34
4 31
77 81
18 59
32 36
26 66
19 76
65 74
5 12
48 58
33 57
29 72
40 86
7 90
49 51
71 94
11 44
24 58
87 94
53 55
89 90
47 83
17 42
27 85
35 37
30 52
68 77
62 63
23 45
0 26
38 47
18 32
27 95
20 69
61 87
24 40
41 44
3 6
43 65
66 93
8 55
7 14
49 85
22 28
30 60
6 46
11 84
33 62
86 95
61 72
82 92
13 22
25 91
21 54
36 59
23 80
2 34
57 73
35 38
4 73
69 91
0 20
3 67
54 75
56 88
43 88
8 52
16 83
37 81
15 64
48 56
1 74
19 89
21 51
14 45
16 82
13 50
2 50
17 41
28 39
53 93
15 78
38 77
38 78
5 88
29 82
30 56
5 79
32 95
65 90
10 48
8 32
29 95
16 85
51 71
43 73
3 27
13 94
28 48
9 47
1 7
31 42
23 87
2 54
28 45
22 82
33 83
1 79
59 86
25 46
25 27
15 24
67 74
10 81
57 76
31 34
62 80
26 39
39 81
19 50
2 4
65 68
61 84
16 20
18 89
66 87
17 44
56 69
69 70
18 40
58 60
36 60
57 62
14 63
26 64
11 78
40 45
14 51
0 52
23 85
21 80
37 83
0 92
15 89
34 73
3 90
50 72
35 59
17 54
4 91
8 64
30 93
71 86
7 49
37 49
36 88
41 52
46 58
9 91
47 53
22 67
41 53
24 94
68 75
13 75
43 44
70 74
20 66
6 76
63 93
11 72
35 77
12 61
55 92
42 55
6 19
12 84
21 33
17 93
44 53
39 87
13 15
3 12
25 54
31 64
4 48
9 12
21 26
4 95
1 14
29 70
56 67
42 93
41 77
5 91
33 52
10 32
85 92
25 70
7 20
19 74
50 83
16 71
20 90
40 94
81 94
16 49
18 69
31 82
11 68
42 72
72 95
38 58
61 79
64 90
37 66
45 82
3 63
55 78
1 36
38 68
10 61
2 15
30 55
80 83
36 66
6 71
47 77
87 89
22 60
67 75
56 89
5 75
45 73
23 59
14 40
8 48
53 62
27 84
29 32
19 51
13 44
17 92
34 52
33 85
23 88
26 86
0 28
76 81
22 37
57 65
18 57
51 60
7 65
2 28
62 69
35 80
27 43
6 11
0 78
24 88
59 76
35 46
43 58
21 74
8 49
30 63
86 91
73 84
9 79
39 47
46 50
24 34
41 54
96 288 0
0 0 0 0 0 0 0 0 0 0 0 0 0 0 0 0 0 0 0 0 0 0 0 0 0 0 0 0 0 0 0 0 0 0 0 0 0 0 0 0 0 0 0 0 0 0 0 0 0 0 0 0 0 0 0 0 0 0 0 0 0 0 0 0 0 0 0 0 0 0 0 0 0 0 0 0 0 0 0 0 0 0 0 0 0 0 0 0 0 0 0 0 0 0 0 0
32 64
56 87
52 53
5 42
61 94
24 86
18 41
19 70
44 69
39 40
47 70
4 37
18 73
19 64
22 33
36 72
49 95
47 65
43 59
1 74
3 65
16 69
45 93
14 54
0 15
11 38
56 75
25 68
71 91
6 26
9 20
50 91
2 88
75 89
7 29
60 94
16 90
27 35
84 95
43 86
50 76
20 80
39 73
57 58
44 57
25 41
22 53
34 71
38 49
11 34
26 30
21 79
21 48
8 80
3 63
12 52
51 66
66 67
14 78
12 35
6 28
85 87
17 46
59 83
40 55
58 77
0 1
60 68
4 84
33 62
61 63
5 17
10 62
10 42
29 82
24 32
31 46
79 93
28 85
51 88
7 83
13 92
13 89
74 81
48 54
77 90
36 82
8 15
30 76
23 31
81 92
2 27
37 78
9 45
67 72
23 55
43 45
47 86
30 80
36 49
0 70
0 30
41 70
50 62
15 32
17 79
35 75
4 27
23 24
61 69
33 78
49 52
1 19
2 53
10 59
1 95
21 41
38 67
57 68
77 83
42 47
80 88
10 18
40 51
6 37
58 67
2 20
54 83
5 63
40 95
61 81
13 91
42 76
11 37
72 94
5 35
46 60
29 34
56 92
71 84
31 90
36 66
44 73
14 28
54 74
15 91
11 29
39 59
7 55
16 48
34 52
23 78
51 62
8 92
4 85
7 82
26 93
25 44
65 85
53 90
56 64
24 87
81 87
8 32
9 66
13 50
33 72
22 60
17 71
55 86
14 48
18 76
12 16
65 88
38 64
84 89
69 73
12 25
31 45
21 63
27 79
6 20
82 93
58 68
22 75
26 28
57 74
3 77
89 94
19 46
3 39
9 43
20 34
2 94
4 36
39 62
40 62
4 48
11 78
12 31
22 51
60 72
15 87
1 46
41 57
58 86
35 40
56 79
10 38
14 69
12 45
73 80
13 93
38 42
29 45
1 3
26 85
49 58
75 76
51 77
24 71
6 44
17 53
13 90
50 70
47 81
16 39
33 83
26 70
60 92
31 84
23 73
5 8
0 20
3 24
32 93
30 89
14 55
32 54
9 78
52 76
37 66
28 35
19 57
49 65
59 64
34 43
0 27
91 94
6 33
27 61
67 80
21 67
21 91
8 71
9 72
29 95
28 46
86 88
7 18
25 84
10 89
16 50
41 63
7 59
61 79
74 88
5 65
43 77
22 25
66 85
11 55
37 64
18 68
48 63
15 23
47 83
17 87
44 53
82 92
56 81
52 82
68 75
2 19
42 74
36 54
30 90
69 95
96 288 0
0 0 0 0 0 0 0 0 0 0 0 0 0 0 0 0 0 0 0 0 0 0 0 0 0 0 0 0 0 0 0 0 0 0 0 0 0 0 0 0 0 0 0 0 0 0 0 0 0 0 0 0 0 0 0 0 0 0 0 0 0 0 0 0 0 0 0 0 0 0 0 0 0 0 0 0 0 0 0 0 0 0 0 0 0 0 0 0 0 0 0 0 0 0 0 0
1 80
3 45
35 77
40 60
4 67
19 65
1 52
14 50
6 11
31 74
70 76
7 14
20 82
53 88
74 91
15 89
26 30
12 20
59 75
28 94
11 18
24 38
39 61
30 73
41 66
34 41
78 86
25 83
58 68
44 84
32 61
32 51
5 78
37 63
2 39
43 49
19 47
29 94
86 92
21 35
17 72
62 68
0 55
13 37
2 15
9 31
51 55
0 73
85 90
81 90
56 87
49 56
71 83
33 59
10 46
6 22
12 23
54 64
36 53
23 93
42 75
17 28
42 89
62 64
18 54
29 63
16 50
16 85
46 95
8 93
24 43
44 57
40 87
27 70
27 80
10 79
5 81
4 60
48 66
36 47
13 91
21 38
48 82
9 72
58 65
77 84
22 95
8 26
7 45
3 25
52 88
34 76
57 69
67 69
71 79
33 92
25 59
50 65
30 39
19 87
13 72
55 64
17 54
5 63
36 80
14 52
67 68
3 82
34 95
29 46
24 89
41 79
3 74
20 69
53 84
43 84
73 89
33 44
30 49
61 81
33 49
4 88
37 51
60 64
18 62
16 75
37 48
8 10
17 93
22 91
31 55
15 46
0 50
16 66
13 14
4 45
6 29
6 40
57 81
1 34
41 61
73 80
38 69
19 40
51 90
66 75
27 94
83 85
38 42
9 67
11 70
11 36
7 87
21 70
21 23
10 12
23 76
71 77
26 68
1 18
57 58
78 83
26 28
44 92
39 85
45 71
76 79
35 56
20 56
8 91
5 58
12 47
28 72
94 95
2 32
63 86
35 86
25 65
32 82
0 43
9 74
59 93
53 54
22 62
31 60
47 48
2 52
78 92
7 24
15 88
27 77
42 90
52 79
2 69
16 68
12 87
59 87
35 91
43 53
43 79
4 47
19 31
41 50
67 76
10 62
20 25
31 84
42 65
22 65
30 44
33 61
16 93
5 64
18 74
58 94
13 44
49 63
3 14
68 75
70 85
45 78
1 57
75 89
8 60
24 37
32 92
6 78
39 81
33 82
0 27
13 40
5 56
6 41
28 71
53 77
76 88
26 80
18 80
38 60
66 81
19 86
59 92
4 14
23 70
45 74
24 46
29 32
22 94
36 83
15 86
21 58
25 46
7 82
51 95
85 89
21 40
7 77
26 37
20 38
35 66
48 93
9 55
27 56
10 17
29 61
17 50
36 52
39 48
83 90
63 90
3 73
62 72
23 88
72 95
30 69
12 84
1 2
9 64
0 51
47 91
34 55
11 15
11 57
28 34
49 73
42 67
54 71
8 54
96 288 0
0 0 0 0 0 0 0 0 0 0 0 0 0 0 0 0 0 0 0 0 0 0 0 0 0 0 0 0 0 0 0 0 0 0 0 0 0 0 0 0 0 0 0 0 0 0 0 0 0 0 0 0 0 0 0 0 0 0 0 0 0 0 0 0 0 0 0 0 0 0 0 0 0 0 0 0 0 0 0 0 0 0 0 0 0 0 0 0 0 0 0 0 0 0 0 0
50 87
41 61
5 79
13 44
53 57
23 82
18 93
24 85
47 74
32 75
4 93
8 84
65 76
10 22
48 56
20 58
28 54
30 50
55 66
54 84
62 73
51 70
35 66
37 46
63 68
49 77
16 39
5 27
0 3
15 19
7 11
27 69
78 88
9 28
24 64
67 68
21 61
14 57
9 16
17 33
3 52
21 92
29 95
38 92
73 90
2 56
26 45
80 82
48 90
34 47
52 86
51 60
0 1
6 37
26 64
12 59
13 89
62 76
36 38
25 85
55 91
2 83
36 63
40 80
20 71
59 91
31 33
40 81
67 70
65 94
10 94
15 31
41 88
72 77
60 69
49 87
58 75
72 83
34 43
29 81
7 32
1 23
8 89
53 74
18 71
11 17
25 45
6 19
42 86
14 22
43 44
4 42
35 78
12 79
30 39
46 95
46 91
10 19
18 51
26 42
52 71
32 65
8 70
41 84
58 82
15 22
69 70
18 62
51 78
73 77
14 37
2 90
57 73
55 80
60 68
3 45
27 29
13 63
56 67
44 92
0 8
48 78
10 36
46 87
43 65
14 66
54 83
19 42
20 32
24 55
9 72
1 69
64 80
81 94
17 26
66 93
39 61
67 75
2 76
3 58
37 48
74 89
53 72
5 68
33 75
25 28
6 34
41 54
11 23
9 84
38 57
16 38
15 64
12 88
1 49
30 82
34 86
0 71
53 86
23 59
12 17
5 35
16 25
33 40
43 47
21 27
50 94
35 95
7 95
29 85
22 31
20 79
24 31
36 77
30 85
40 56
61 81
11 88
39 52
7 92
4 91
47 93
50 83
28 44
45 60
59 63
21 74
4 79
62 90
6 76
49 89
13 87
26 61
38 68
0 45
39 76
85 86
19 35
36 79
29 51
12 57
33 42
35 87
63 65
52 93
8 80
34 37
23 38
6 60
70 71
20 36
70 91
0 67
81 82
82 89
11 42
9 58
6 68
9 40
45 90
73 89
41 80
91 95
16 30
44 78
14 75
60 84
1 86
4 25
56 66
30 94
40 66
21 50
31 50
25 77
24 43
61 77
62 87
13 74
59 64
5 32
72 95
21 71
1 26
58 84
2 47
10 48
22 39
54 64
8 19
17 44
27 94
10 57
11 56
2 72
28 90
14 54
49 53
29 53
27 76
18 81
24 88
46 92
18 32
75 85
37 92
12 46
15 41
3 83
22 73
15 55
49 51
13 83
48 55
5 28
7 47
33 79
31 69
3 74
20 43
16 62
4 7
67 93
52 69
23 88
34 63
17 65
59 78
96 288 0
0 0 0 0 0 0 0 0 0 0 0 0 0 0 0 0 0 0 0 0 0 0 0 0 0 0 0 0 0 0 0 0 0 0 0 0 0 0 0 0 0 0 0 0 0 0 0 0 0 0 0 0 0 0 0 0 0 0 0 0 0 0 0 0 0 0 0 0 0 0 0 0 0 0 0 0 0 0 0 0 0 0 0 0 0 0 0 0 0 0 0 0 0 0 0 0
60 85
19 20
33 63
68 78
12 56
30 85
53 72
31 49
36 87
11 71
6 73
54 77
28 47
50 83
46 71
18 19
10 70
91 92
4 90
25 31
40 48
56 83
67 81
10 67
15 34
59 92
37 88
11 93
21 62
72 76
16 48
24 78
18 93
20 62
21 44
2 77
60 95
58 86
54 73
42 59
6 29
69 94
22 53
22 51
8 38
0 45
51 91
35 55
34 55
41 81
8 17
2 7
0 87
9 13
7 90
12 75
65 82
14 75
23 45
23 33
69 80
27 88
35 39
26 57
17 46
24 57
61 86
3 15
65 76
14 95
70 79
40 50
32 79
37 94
30 58
3 52
43 84
16 26
29 74
5 89
1 68
25 52
80 89
47 63
13 84
9 39
42 44
1 64
32 36
43 49
38 66
4 82
28 64
61 74
5 27
41 66
6 20
2 15
53 91
10 59
4 73
39 77
75 94
12 40
22 87
12 72
47 89
48 59
34 41
82 90
43 85
42 89
62 65
80 93
63 83
38 95
64 66
9 26
33 85
14 63
31 76
36 57
19 74
20 52
3 55
8 26
16 69
22 60
24 92
45 61
0 67
5 36
29 56
21 45
21 58
18 90
67 75
15 73
52 91
61 81
29 92
0 44
23 88
3 32
11 48
42 56
1 46
2 71
28 41
1 50
30 39
13 51
60 65
7 57
18 82
55 94
5 37
49 68
46 49
14 86
19 70
17 84
23 72
9 30
69 95
27 33
44 70
81 93
25 84
16 51
37 43
32 62
58 88
7 54
40 78
34 83
27 66
64 77
25 71
79 80
24 76
6 50
47 79
28 78
35 86
17 53
10 13
35 38
4 74
31 87
11 54
8 68
5 87
38 65
35 44
72 94
45 49
16 18
46 47
27 70
53 71
25 39
0 24
21 37
37 74
23 55
56 86
75 92
67 92
50 62
59 91
36 64
90 95
17 32
69 79
26 51
42 77
39 70
44 59
84 86
30 80
63 85
23 42
34 69
49 57
2 33
60 83
7 18
20 81
54 68
48 50
25 51
31 46
10 40
9 53
9 35
15 26
30 91
28 63
73 81
52 79
24 41
45 88
19 78
5 85
3 11
16 43
8 73
54 65
58 93
3 62
11 77
14 82
4 64
4 12
32 34
82 84
21 60
36 61
38 47
52 89
8 55
17 27
7 75
6 13
6 43
61 89
12 66
0 13
22 68
2 72
1 29
88 95
58 80
78 90
57 76
28 83
41 67
66 76
20 74
15 94
1 33
19 22
10 14
31 40
29 93
48 87
56 71
96 288 0
0 0 0 0 0 0 0 0 0 0 0 0 0 0 0 0 0 0 0 0 0 0 0 0 0 0 0 0 0 0 0 0 0 0 0 0 0 0 0 0 0 0 0 0 0 0 0 0 0 0 0 0 0 0 0 0 0 0 0 0 0 0 0 0 0 0 0 0 0 0 0 0 0 0 0 0 0 0 0 0 0 0 0 0 0 0 0 0 0 0 0 0 0 0 0 0
41 95
39 60
16 70
46 56
23 43
46 89
54 66
28 92
59 80
28 57
8 32
36 38
24 86
18 80
40 84
1 33
6 35
12 65
4 75
48 56
6 63
10 47
29 51
39 69
26 68
42 72
59 83
3 5
21 41
44 74
37 93
49 90
17 30
61 64
45 86
36 87
70 91
2 38
2 48
50 58
19 58
9 63
34 73
32 61
20 26
43 91
77 88
27 79
49 62
16 47
17 84
11 51
15 23
18 34
19 31
3 33
12 35
45 55
13 60
64 77
65 92
27 94
10 29
53 68
79 89
14 88
73 94
52 78
71 74
30 69
78 83
4 37
5 20
7 22
52 62
22 82
8 54
14 67
7 87
44 71
21 24
11 72
15 95
1 53
0 66
55 85
75 93
0 31
13 81
57 81
9 50
76 90
67 85
76 82
25 42
25 40
58 59
0 42
20 23
19 83
48 91
10 31
57 65
23 32
0 89
11 27
78 93
9 42
14 86
27 39
12 19
5 16
63 72
7 74
10 17
37 71
26 47
38 67
5 52
2 20
4 77
43 79
3 51
69 85
56 68
11 34
60 65
21 77
87 88
22 75
78 92
62 81
60 61
18 32
54 91
17 21
74 84
40 57
16 67
1 4
56 62
1 66
7 13
45 82
33 71
41 79
37 84
6 50
14 94
8 70
45 53
28 38
43 50
54 94
9 29
49 63
82 88
36 47
33 34
55 86
36 41
22 80
13 70
80 83
69 72
75 76
26 85
46 51
44 95
55 64
29 35
2 15
31 93
15 49
6 64
25 53
66 73
3 44
68 95
24 48
46 90
25 52
28 40
30 92
30 58
8 81
89 90
35 39
61 73
59 76
18 24
12 87
39 82
86 94
25 84
69 78
65 85
73 77
49 81
23 87
47 52
20 31
56 67
32 42
12 43
61 66
3 6
23 70
51 71
13 26
14 16
11 64
9 56
28 48
1 36
30 62
38 68
24 79
0 17
76 93
2 5
58 75
24 33
58 95
29 36
47 63
48 50
45 61
9 41
14 85
0 35
13 19
60 73
25 80
21 52
46 65
5 90
72 93
16 37
37 80
10 83
18 44
7 67
42 81
4 29
10 88
40 53
59 70
8 22
26 90
15 94
7 27
6 28
50 57
27 30
38 74
54 62
49 89
34 92
17 51
11 91
1 15
46 84
77 95
8 91
79 83
21 64
66 68
31 55
33 75
60 92
2 86
32 87
4 19
18 53
41 78
45 72
3 12
63 82
59 71
44 57
35 89
40 88
20 74
43 55
54 69
34 39
22 76
96 288 0
0 0 0 0 0 0 0 0 0 0 0 0 0 0 0 0 0 0 0 0 0 0 0 0 0 0 0 0 0 0 0 0 0 0 0 0 0 0 0 0 0 0 0 0 0 0 0 0 0 0 0 0 0 0 0 0 0 0 0 0 0 0 0 0 0 0 0 0 0 0 0 0 0 0 0 0 0 0 0 0 0 0 0 0 0 0 0 0 0 0 0 0 0 0 0 0
35 38
28 34
34 78
21 94
67 93
23 86
36 81
31 92
25 71
29 85
62 89
33 88
15 71
49 55
47 72
20 88
7 73
1 29
9 91
37 77
12 43
44 53
62 95
4 26
6 80
49 84
1 56
54 89
22 57
13 46
11 39
42 70
52 54
11 81
10 60
63 83
26 44
69 94
39 95
16 59
36 64
7 51
16 17
24 79
48 85
43 83
60 90
33 75
58 86
41 63
3 52
64 93
47 61
37 51
0 9
56 70
42 55
2 18
32 59
61 74
18 91
45 50
14 76
30 65
20 73
14 68
82 87
74 77
5 79
12 53
10 27
50 92
25 87
21 41
23 90
3 40
48 65
13 57
40 78
27 38
75 84
35 66
8 30
45 58
15 32
67 72
68 80
5 22
17 19
0 76
2 24
46 66
4 69
28 82
6 31
8 19
31 62
22 69
8 95
55 91
46 54
20 77
7 49
66 90
8 14
28 38
19 74
70 93
3 85
40 76
1 85
54 91
31 90
43 94
45 82
19 47
52 68
75 88
17 25
29 35
17 63
59 82
43 74
10 83
60 69
33 47
1 41
26 56
34 48
23 46
71 81
2 73
51 57
33 94
68 86
0 60
18 38
32 45
0 84
7 86
22 26
9 48
6 28
15 70
27 61
75 78
18 39
37 61
53 83
6 72
78 87
11 14
66 79
84 93
64 80
24 92
25 63
16 42
4 44
13 87
5 72
37 50
21 65
12 55
12 40
9 27
36 52
11 36
13 23
53 67
76 92
4 59
24 62
32 71
30 57
41 80
44 65
50 81
5 56
35 39
3 34
20 58
58 79
77 88
51 64
2 95
49 73
10 42
21 30
16 67
15 29
11 89
41 89
30 32
55 74
18 78
18 73
29 72
22 81
9 33
13 28
61 88
25 58
10 17
15 35
81 89
70 94
34 64
23 85
36 75
46 83
48 68
78 93
26 51
5 42
22 51
16 64
91 93
31 95
46 79
7 44
0 21
25 74
20 37
16 32
66 84
4 37
39 65
2 55
0 11
8 43
75 95
49 89
1 84
30 87
36 47
33 69
45 68
31 71
28 57
79 88
35 92
7 62
62 63
3 82
47 66
2 59
45 73
38 77
41 92
19 56
3 27
6 54
58 67
34 69
23 80
12 24
8 24
14 43
6 42
1 57
15 21
83 90
39 50
40 53
9 60
85 91
13 26
4 86
5 29
67 86
56 63
27 87
50 53
44 60
17 72
48 80
40 77
38 59
10 54
49 52
12 76
14 82
19 90
61 71
20 70
65 94
52 76
96 288 0
0 0 0 0 0 0 0 0 0 0 0 0 0 0 0 0 0 0 0 0 0 0 0 0 0 0 0 0 0 0 0 0 0 0 0 0 0 0 0 0 0 0 0 0 0 0 0 0 0 0 0 0 0 0 0 0 0 0 0 0 0 0 0 0 0 0 0 0 0 0 0 0 0 0 0 0 0 0 0 0 0 0 0 0 0 0 0 0 0 0 0 0 0 0 0 0
41 53
1 40
22 31
22 87
12 56
4 17
34 46
44 76
11 61
16 48
41 91
13 67
40 51
60 80
3 33
52 54
2 64
38 57
24 52
0 95
69 72
79 90
14 67
53 94
78 88
10 43
20 42
30 82
57 65
81 86
39 87
31 78
3 80
2 42
46 68
17 81
30 75
62 82
26 74
11 55
27 65
4 8
44 84
23 27
89 94
61 92
49 63
70 72
16 23
21 93
7 91
8 77
36 85
83 93
29 32
18 36
0 83
12 68
45 89
43 63
47 84
5 21
50 66
26 39
6 58
45 95
33 48
28 32
24 25
37 77
47 85
9 54
56 74
6 92
9 79
15 51
66 86
14 59
7 38
10 37
18 60
19 71
5 20
19 58
35 64
28 34
73 90
69 70
35 76
15 73
1 49
13 75
25 50
29 71
55 88
59 62
6 93
25 85
69 80
30 58
76 82
23 77
42 54
14 44
53 72
10 59
36 56
18 83
39 76
21 71
19 54
15 19
8 89
20 31
53 84
46 73
7 13
50 67
17 45
29 37
24 78
0 5
3 16
4 65
23 87
26 65
36 40
81 93
9 92
1 4
57 82
22 60
88 95
7 33
61 79
2 8
13 29
0 63
34 87
5 66
64 95
12 94
9 91
44 77
62 90
32 47
21 51
60 75
70 85
46 50
10 48
32 55
2 49
43 72
27 40
1 88
24 28
22 81
66 71
74 91
3 86
78 90
6 52
20 56
12 84
27 75
35 41
35 63
43 83
55 68
52 68
18 86
15 42
30 51
48 57
17 74
14 31
16 49
47 94
59 61
11 70
33 37
34 38
79 92
69 89
41 80
39 67
64 73
58 62
26 45
25 38
11 28
18 54
26 49
12 91
17 73
25 77
5 44
66 89
46 84
9 58
39 83
12 16
35 65
1 90
40 73
33 61
51 55
7 43
52 87
31 60
48 89
14 29
23 91
2 93
36 58
50 61
27 62
20 30
45 50
29 59
11 82
15 90
3 9
45 80
10 49
84 88
30 86
69 95
2 72
1 37
8 26
8 94
7 74
19 63
24 85
28 82
76 93
65 92
71 88
41 55
21 70
0 67
0 41
36 62
11 22
39 70
56 67
43 47
21 87
18 81
13 25
14 75
34 48
37 75
35 59
4 80
20 32
64 78
5 13
74 95
47 81
66 94
64 79
16 85
33 42
34 42
71 86
32 51
53 60
40 76
10 38
3 22
53 63
38 56
78 92
17 77
4 79
24 31
6 23
44 57
52 69
6 15
27 83
19 46
28 68
57 72
54 68
96 288 0
0 0 0 0 0 0 0 0 0 0 0 0 0 0 0 0 0 0 0 0 0 0 0 0 0 0 0 0 0 0 0 0 0 0 0 0 0 0 0 0 0 0 0 0 0 0 0 0 0 0 0 0 0 0 0 0 0 0 0 0 0 0 0 0 0 0 0 0 0 0 0 0 0 0 0 0 0 0 0 0 0 0 0 0 0 0 0 0 0 0 0 0 0 0 0 0
45 49
68 95
15 26
50 61
18 19
2 19
26 30
9 69
45 95
41 73
8 23
27 62
48 88
24 31
1 18
3 70
80 91
83 89
1 83
17 32
28 67
2 29
75 87
4 40
22 46
36 56
62 90
30 93
47 92
7 85
21 66
14 32
28 58
6 59
39 48
3 14
51 54
22 84
15 74
8 44
60 71
60 86
12 36
34 52
47 76
16 55
4 35
93 94
51 65
29 44
17 50
37 68
82 87
72 73
5 13
23 25
10 21
33 46
34 89
11 94
41 78
52 85
37 57
6 71
39 56
20 33
43 84
69 79
38 49
63 86
27 64
74 80
35 53
11 25
43 61
0 55
54 92
20 67
24 79
53 63
40 42
59 82
64 70
0 13
7 57
12 77
5 16
66 88
31 91
38 81
42 76
65 78
58 77
10 90
9 75
72 81
19 83
1 67
79 80
23 64
61 84
18 39
3 35
12 94
41 93
67 69
17 59
81 83
40 47
46 53
14 87
4 73
14 92
31 45
69 82
21 64
29 68
3 11
40 78
49 73
4 42
18 41
62 80
36 92
20 32
9 76
11 42
15 85
5 15
63 93
10 61
43 51
33 74
2 44
27 48
1 30
55 87
86 89
38 75
20 49
54 79
52 91
2 35
60 88
74 77
89 90
52 84
56 81
5 8
0 58
9 27
60 91
10 24
23 66
25 95
26 37
44 65
31 86
16 62
24 47
13 22
68 82
17 54
8 57
65 66
6 94
34 36
26 28
25 72
7 72
34 95
43 48
6 7
53 59
16 58
39 78
33 70
21 38
12 46
50 85
32 51
45 71
22 55
37 75
88 90
57 70
13 76
0 29
19 50
28 71
30 77
56 63
13 94
47 87
90 93
61 78
29 34
53 92
8 25
58 59
20 78
59 72
56 71
23 79
16 95
9 33
28 35
49 55
36 74
27 75
0 86
21 43
72 77
6 83
14 48
48 61
8 18
10 18
4 38
12 85
20 85
42 91
44 75
21 67
4 22
42 81
46 62
1 51
66 86
17 24
69 84
22 70
23 36
49 51
10 30
3 37
17 92
68 80
0 1
41 46
81 88
11 76
64 73
64 89
9 38
39 67
12 25
11 69
52 76
2 43
54 57
47 93
60 82
19 26
26 95
31 32
3 44
19 56
7 40
57 87
84 90
31 55
13 82
7 41
16 37
79 89
5 63
39 65
14 50
45 94
58 60
35 88
6 63
2 15
24 66
54 73
40 53
50 80
62 74
33 45
27 30
15 29
52 70
5 77
28 32
83 91
65 71
34 68
96 288 0
0 0 0 0 0 0 0 0 0 0 0 0 0 0 0 0 0 0 0 0 0 0 0 0 0 0 0 0 0 0 0 0 0 0 0 0 0 0 0 0 0 0 0 0 0 0 0 0 0 0 0 0 0 0 0 0 0 0 0 0 0 0 0 0 0 0 0 0 0 0 0 0 0 0 0 0 0 0 0 0 0 0 0 0 0 0 0 0 0 0 0 0 0 0 0 0
41 72
43 88
16 68
0 40
39 74
34 47
1 94
9 21
21 91
1 43
12 59
12 22
31 58
14 42
31 51
29 89
33 57
27 30
2 51
10 70
20 58
44 67
6 81
46 82
3 79
11 35
37 55
71 81
24 28
20 33
36 61
32 91
17 78
54 65
45 62
2 4
7 79
53 56
44 75
50 69
42 90
49 53
72 83
76 87
6 93
5 48
38 69
36 64
19 35
28 85
37 68
66 74
62 92
4 34
46 75
57 71
8 86
45 55
70 95
80 86
26 82
47 84
13 14
10 17
18 59
66 88
15 60
13 52
5 19
30 52
18 85
32 50
48 95
8 60
80 87
11 41
24 25
9 84
56 83
25 54
23 73
63 92
73 77
15 29
39 65
26 27
3 76
67 94
22 78
16 40
7 93
49 64
0 61
23 90
38 63
77 89
32 66
1 20
58 82
26 37
13 25
13 17
45 80
2 22
5 40
23 61
36 84
47 85
7 53
16 73
54 59
33 62
64 74
34 49
39 81
11 87
60 65
71 79
6 43
30 61
49 50
20 81
87 95
17 77
31 46
78 83
78 92
29 37
1 26
46 69
63 84
18 68
38 70
42 94
4 40
10 64
30 73
8 15
43 75
67 82
65 86
57 72
45 89
66 89
3 12
7 21
9 54
3 9
36 94
28 90
41 91
24 70
50 95
55 58
18 19
15 27
16 72
8 62
52 55
6 24
12 23
76 93
52 90
19 91
25 51
74 85
0 32
38 93
39 68
14 47
28 31
71 77
75 76
5 88
0 53
60 67
34 83
33 35
44 51
59 63
10 48
4 57
42 86
48 92
2 27
29 41
21 22
79 80
56 88
35 44
11 14
56 69
4 87
27 43
11 48
46 80
62 79
16 71
7 8
22 68
50 86
43 77
19 73
6 17
41 42
6 21
38 59
35 46
1 87
28 47
39 44
13 16
23 67
5 12
5 9
36 70
35 40
15 38
11 21
86 89
4 82
18 52
12 39
49 78
37 92
0 17
2 72
29 64
32 34
8 79
41 83
40 52
53 69
44 83
84 94
45 81
26 93
3 50
23 29
7 91
74 84
47 67
63 85
31 70
51 57
72 92
14 27
58 64
51 85
55 88
59 76
33 66
14 88
56 63
56 91
13 19
30 80
0 94
3 10
65 77
36 57
31 95
20 26
53 78
2 9
22 49
25 66
73 90
34 75
37 54
24 42
33 95
20 25
15 48
71 74
68 69
28 61
10 93
58 76
61 65
18 89
60 82
32 60
55 62
54 75
81 90
30 45
1 24
96 288 0
0 0 0 0 0 0 0 0 0 0 0 0 0 0 0 0 0 0 0 0 0 0 0 0 0 0 0 0 0 0 0 0 0 0 0 0 0 0 0 0 0 0 0 0 0 0 0 0 0 0 0 0 0 0 0 0 0 0 0 0 0 0 0 0 0 0 0 0 0 0 0 0 0 0 0 0 0 0 0 0 0 0 0 0 0 0 0 0 0 0 0 0 0 0 0 0
0 3
8 25
64 88
57 91
71 73
22 79
7 59
17 21
55 62
20 50
48 74
67 78
30 68
1 49
69 80
84 92
39 46
38 71
22 26
5 62
59 86
41 76
20 44
48 70
37 45
17 55
2 83
61 84
19 68
23 31
56 82
6 24
0 2
15 47
51 95
34 93
16 91
43 67
4 87
40 60
18 58
1 18
29 40
41 69
80 94
21 66
45 81
9 37
33 63
28 90
12 42
46 57
15 52
53 89
56 87
27 35
60 70
24 54
13 65
27 28
9 63
13 85
5 34
74 94
43 90
33 36
49 52
11 25
7 11
12 79
10 14
73 86
75 81
26 66
10 88
58 85
72 77
19 53
77 95
32 61
8 76
36 42
29 38
23 83
78 93
82 92
47 54
4 31
35 72
51 75
14 64
3 30
32 50
16 89
39 44
6 65
0 4
8 66
18 88
24 52
2 46
48 60
21 26
49 78
3 63
5 40
11 18
23 34
53 80
54 82
5 92
32 94
58 82
3 26
17 35
31 56
42 73
38 42
20 86
45 64
17 20
12 90
27 72
19 71
51 71
55 60
46 61
28 75
1 68
43 56
27 79
11 91
16 50
25 81
7 94
15 30
39 84
23 93
41 65
32 77
47 78
63 80
49 72
65 86
77 93
59 92
62 87
25 31
13 66
57 67
8 43
6 14
62 84
0 64
30 74
41 75
33 95
10 44
22 44
85 89
9 90
15 34
13 39
2 51
1 70
4 21
76 83
10 33
74 95
67 79
16 69
35 48
61 68
6 81
37 91
14 58
12 53
29 59
45 70
9 54
24 55
36 76
7 87
38 52
36 85
22 29
19 40
47 69
28 73
37 88
83 89
50 57
8 74
16 81
66 90
28 80
31 70
47 61
16 86
12 47
4 85
18 27
76 94
58 87
18 40
42 63
30 42
22 53
55 78
39 54
78 82
7 69
33 45
49 76
13 35
67 73
21 50
43 85
5 71
19 62
25 83
36 65
27 68
26 61
6 91
4 60
40 92
22 48
14 72
59 87
75 91
29 44
7 26
57 65
35 44
11 38
8 81
14 46
48 52
10 15
20 94
59 69
12 54
6 89
1 13
25 80
9 32
1 58
32 57
39 89
36 83
0 56
23 28
51 73
10 79
90 93
21 41
9 70
31 77
24 88
15 38
33 53
2 41
29 93
60 84
34 77
37 72
11 88
3 24
51 68
17 56
37 75
2 63
19 49
43 45
34 64
66 79
0 46
23 64
74 82
55 92
5 30
50 95
52 71
20 62
86 95
67 84
3 17
96 288 0
0 0 0 0 0 0 0 0 0 0 0 0 0 0 0 0 0 0 0 0 0 0 0 0 0 0 0 0 0 0 0 0 0 0 0 0 0 0 0 0 0 0 0 0 0 0 0 0 0 0 0 0 0 0 0 0 0 0 0 0 0 0 0 0 0 0 0 0 0 0 0 0 0 0 0 0 0 0 0 0 0 0 0 0 0 0 0 0 0 0 0 0 0 0 0 0
26 73
24 38
19 58
29 90
33 40
25 35
8 30
42 92
54 91
1 93
45 59
48 65
2 12
57 58
61 75
7 77
0 39
79 91
34 62
9 46
0 10
69 72
16 74
78 81
41 73
55 59
49 76
78 89
86 88
24 84
33 70
13 17
30 44
54 79
4 80
16 85
32 95
27 28
7 71
12 83
40 93
56 67
47 51
57 87
9 39
18 95
11 49
43 60
44 89
15 68
10 82
26 36
6 28
15 51
69 71
66 94
34 63
29 70
5 22
5 41
63 84
8 43
11 25
61 94
21 92
14 32
4 23
66 86
31 50
19 31
50 74
80 82
65 81
21 45
18 47
72 77
20 46
55 85
3 13
3 90
53 62
37 53
14 23
35 42
56 64
1 52
37 75
27 36
64 76
2 87
52 67
38 88
17 20
68 83
22 48
6 60
37 56
17 87
26 58
36 50
22 43
15 34
39 60
25 83
13 53
47 87
27 51
20 30
5 84
51 88
38 71
64 95
45 85
3 11
25 78
45 70
28 72
70 90
0 47
33 61
6 17
71 82
46 52
42 86
33 89
37 41
0 49
8 15
8 12
3 91
50 93
53 91
63 68
79 80
19 62
74 77
19 95
1 59
44 93
30 68
39 65
56 61
58 63
18 35
20 55
65 90
2 38
4 36
5 23
13 48
24 66
23 84
49 94
29 75
21 86
77 81
14 42
40 67
9 24
43 75
83 89
31 74
59 82
29 44
26 57
88 92
9 73
7 60
10 46
4 69
16 40
27 62
10 31
22 85
54 67
76 92
41 94
6 32
1 2
52 73
18 32
7 80
12 78
48 72
34 54
57 66
35 81
14 64
55 79
69 76
16 21
11 28
48 52
5 7
63 86
19 94
39 53
89 91
57 61
0 67
6 64
10 47
11 73
1 4
59 76
62 90
25 29
87 94
13 54
57 79
17 63
12 20
28 90
34 42
53 93
72 95
5 26
78 88
8 80
56 84
3 32
24 58
45 54
12 95
2 49
36 85
15 78
42 69
4 74
38 64
39 44
73 85
20 72
14 55
23 41
10 33
25 55
76 77
18 43
16 22
38 49
31 75
24 71
1 36
16 81
0 82
80 89
48 59
46 93
19 66
65 92
6 37
22 60
56 68
41 66
21 35
61 92
51 81
27 34
43 70
18 60
14 75
47 83
58 83
9 45
29 86
33 84
8 77
40 79
21 30
17 91
27 69
37 46
7 87
44 88
15 65
11 31
32 70
35 40
9 52
23 62
50 68
13 74
50 71
3 30
26 51
2 82
28 67
96 288 0
0 0 0 0 0 0 0 0 0 0 0 0 0 0 0 0 0 0 0 0 0 0 0 0 0 0 0 0 0 0 0 0 0 0 0 0 0 0 0 0 0 0 0 0 0 0 0 0 0 0 0 0 0 0 0 0 0 0 0 0 0 0 0 0 0 0 0 0 0 0 0 0 0 0 0 0 0 0 0 0 0 0 0 0 0 0 0 0 0 0 0 0 0 0 0 0
58 94
57 73
59 62
39 92
6 16
81 91
52 70
19 72
47 93
58 84
50 60
45 46
10 42
28 63
7 66
17 68
9 65
46 50
24 49
51 79
67 86
20 39
28 41
30 92
15 31
18 36
53 89
15 43
4 77
8 20
26 69
52 76
11 94
22 88
5 82
32 83
10 33
9 75
33 66
68 87
29 32
38 76
48 56
41 75
2 65
44 89
38 71
0 40
6 30
3 49
0 55
14 73
1 35
19 25
11 80
43 95
54 83
62 64
21 87
37 90
24 85
12 13
67 80
27 40
44 88
71 81
13 34
51 55
4 22
1 70
12 17
63 74
21 78
16 74
23 61
42 85
26 45
48 57
5 47
29 82
35 64
86 93
25 84
8 23
34 95
31 77
53 79
3 36
2 69
18 37
27 78
7 56
14 72
60 91
54 90
59 61
29 70
27 95
21 45
2 79
8 41
43 82
36 92
49 50
39 40
35 84
38 65
47 57
15 58
19 77
24 60
62 86
45 83
56 57
17 67
74 95
7 31
2 18
68 69
42 63
4 6
16 72
48 89
23 55
13 94
71 84
0 22
34 38
41 53
35 80
13 25
66 73
5 87
37 71
9 17
59 60
14 55
53 82
30 90
62 65
18 20
19 88
61 75
50 81
10 59
75 92
58 72
1 89
25 87
11 44
15 52
9 91
12 76
23 30
54 61
36 78
74 83
76 77
64 66
7 54
6 68
26 90
22 46
69 86
51 78
46 63
4 32
3 81
5 27
1 26
48 94
64 79
14 85
49 85
33 40
34 88
3 93
12 33
20 44
28 67
11 39
31 70
8 80
16 43
32 42
24 93
37 56
0 91
29 51
47 52
10 28
21 73
3 58
29 33
57 61
53 75
47 55
12 88
6 76
19 65
17 69
59 92
51 93
11 38
52 77
20 90
7 19
89 91
1 62
50 52
39 68
78 86
36 70
29 47
27 94
2 43
10 18
24 43
6 35
21 44
9 32
40 41
15 51
71 85
37 87
48 66
32 57
73 95
3 18
7 60
30 42
0 45
49 54
50 72
27 74
22 71
24 35
26 79
0 30
25 40
23 34
54 87
13 53
59 77
86 90
12 14
28 49
15 44
1 33
67 68
26 76
83 85
10 56
20 45
14 70
25 36
16 94
5 42
23 31
31 39
17 74
11 65
4 63
79 81
46 93
55 60
63 81
48 95
64 91
64 84
38 56
67 73
5 78
69 80
61 82
8 58
37 41
21 80
46 75
8 62
4 83
9 66
13 16
88 92
22 28
72 82
34 89
2 84
96 288 0
0 0 0 0 0 0 0 0 0 0 0 0 0 0 0 0 0 0 0 0 0 0 0 0 0 0 0 0 0 0 0 0 0 0 0 0 0 0 0 0 0 0 0 0 0 0 0 0 0 0 0 0 0 0 0 0 0 0 0 0 0 0 0 0 0 0 0 0 0 0 0 0 0 0 0 0 0 0 0 0 0 0 0 0 0 0 0 0 0 0 0 0 0 0 0 0
85 94
86 94
40 68
63 79
51 64
5 38
3 18
42 54
51 55
32 60
20 81
30 31
43 89
15 70
18 92
34 65
31 50
49 73
23 66
29 88
27 57
8 62
56 88
77 83
84 93
42 79
41 71
27 29
5 39
45 78
11 81
45 87
37 76
23 26
9 28
4 83
37 55
28 89
17 54
35 84
1 13
61 75
17 36
16 78
52 57
47 67
44 70
21 68
43 53
21 69
36 53
11 75
2 22
9 90
30 93
58 66
48 59
33 91
1 7
40 65
41 72
49 61
6 34
24 38
19 80
25 72
6 14
3 80
4 46
10 32
15 46
67 73
10 12
82 95
19 26
0 50
24 90
13 47
7 35
8 12
39 56
20 95
64 85
63 74
16 22
0 82
71 77
44 87
33 59
52 60
62 76
48 91
14 69
74 86
58 92
2 25
4 70
58 84
26 72
3 12
30 74
26 54
73 86
24 81
34 49
36 61
64 88
28 48
45 56
19 36
3 51
6 53
11 62
42 57
30 75
17 90
22 86
7 61
23 59
80 88
29 68
14 67
17 33
6 37
53 65
20 55
74 77
31 38
4 32
68 79
40 75
7 27
77 93
21 67
39 83
5 31
0 16
41 91
19 60
37 80
23 85
11 46
55 69
1 35
1 70
60 63
5 47
57 95
20 32
16 52
44 84
66 92
15 51
12 27
50 72
39 82
0 8
56 93
46 64
42 90
25 82
13 43
13 87
38 79
22 78
33 94
9 71
45 63
25 54
14 47
18 34
15 91
59 89
44 95
21 62
78 83
24 28
76 87
81 92
58 76
9 40
49 71
35 94
48 69
29 65
8 52
85 89
41 66
2 10
18 43
10 50
2 73
26 94
38 59
24 31
53 70
16 51
71 72
43 60
1 79
7 86
8 14
17 59
32 66
33 54
11 85
84 88
21 61
74 75
50 69
20 64
40 82
13 80
20 68
46 62
51 66
57 73
68 70
34 57
52 90
71 84
52 88
6 16
90 93
26 76
46 63
30 92
27 48
28 56
14 72
42 55
58 83
4 95
10 34
53 89
13 42
25 58
2 19
44 65
0 77
5 69
49 55
47 62
36 87
37 60
29 33
18 61
2 9
15 93
31 87
64 82
9 83
44 78
35 67
22 81
29 74
27 75
24 91
15 23
43 86
5 19
79 94
22 41
10 95
37 54
11 40
3 25
67 85
28 45
21 91
0 76
4 78
8 65
12 50
23 30
47 48
1 12
38 49
18 32
41 56
6 80
39 73
39 92
45 81
17 77
35 89
7 63
3 36
96 288 0
0 0 0 0 0 0 0 0 0 0 0 0 0 0 0 0 0 0 0 0 0 0 0 0 0 0 0 0 0 0 0 0 0 0 0 0 0 0 0 0 0 0 0 0 0 0 0 0 0 0 0 0 0 0 0 0 0 0 0 0 0 0 0 0 0 0 0 0 0 0 0 0 0 0 0 0 0 0 0 0 0 0 0 0 0 0 0 0 0 0 0 0 0 0 0 0
73 77
5 51
56 79
29 38
32 84
25 40
30 86
34 79
19 36
5 80
54 70
23 83
11 27
35 45
15 74
12 36
6 10
66 71
28 52
87 95
83 87
9 58
3 76
7 50
56 80
1 22
53 81
68 78
16 89
21 89
68 69
44 78
46 50
18 72
16 88
69 92
12 37
57 73
10 85
6 20
14 46
41 94
67 90
31 47
22 57
52 63
24 47
13 32
42 74
58 82
15 75
1 48
17 72
20 95
49 70
55 76
17 65
84 88
61 93
26 66
0 11
14 44
2 4
33 35
39 63
3 13
42 75
7 93
23 64
65 67
8 85
26 62
0 37
77 82
29 54
53 94
38 64
21 86
8 49
19 90
40 45
60 81
25 48
39 43
27 92
31 91
4 18
62 91
43 51
24 33
41 71
28 59
34 59
2 60
9 61
30 55
57 88
71 88
26 57
40 42
50 67
72 92
4 38
44 90
15 24
1 7
45 80
51 69
22 27
44 61
69 81
46 63
6 19
41 53
0 84
14 37
18 87
12 32
49 64
16 18
60 95
58 89
24 42
26 31
17 56
14 28
11 85
8 21
34 66
15 76
36 43
1 43
9 36
2 32
37 50
34 81
54 73
3 45
3 73
31 62
56 59
52 93
12 83
30 58
4 35
77 84
2 64
47 91
71 78
5 74
23 52
7 16
33 46
41 48
27 40
25 79
55 83
28 29
80 94
38 66
49 75
51 60
61 82
21 82
0 77
20 67
17 68
35 63
33 87
62 65
47 85
11 72
39 95
54 75
39 89
76 79
19 94
86 90
8 86
53 55
9 93
23 30
65 78
10 22
13 91
25 59
29 70
48 74
20 92
10 13
5 70
6 68
91 93
5 17
38 60
14 53
40 93
39 44
20 63
12 74
7 23
31 69
24 80
8 37
82 95
30 43
21 85
75 84
36 37
75 79
17 64
13 76
35 86
30 63
52 91
14 29
68 83
16 87
65 72
9 16
1 41
27 57
21 80
15 69
34 42
48 85
2 35
31 40
28 72
4 92
43 61
10 92
49 66
1 66
28 51
62 73
61 77
77 95
18 68
26 65
52 62
56 89
58 76
4 67
19 89
2 73
20 74
13 42
87 90
22 33
9 71
6 45
6 53
15 25
57 81
67 94
45 70
5 82
38 94
12 79
19 83
32 46
39 86
34 88
32 54
3 60
18 59
46 84
51 58
48 64
26 78
55 59
11 23
33 88
25 27
22 55
8 47
36 49
71 81
0 29
0 50
56 78
3 70
44 54
11 24
10 41
47 50
7 90
96 288 0
0 0 0 0 0 0 0 0 0 0 0 0 0 0 0 0 0 0 0 0 0 0 0 0 0 0 0 0 0 0 0 0 0 0 0 0 0 0 0 0 0 0 0 0 0 0 0 0 0 0 0 0 0 0 0 0 0 0 0 0 0 0 0 0 0 0 0 0 0 0 0 0 0 0 0 0 0 0 0 0 0 0 0 0 0 0 0 0 0 0 0 0 0 0 0 0
65 82
24 84
39 49
31 32
33 82
17 57
4 40
47 56
8 57
15 83
55 65
2 76
10 44
24 75
17 26
58 70
13 69
13 92
76 93
70 92
73 86
34 63
35 89
6 29
23 38
20 74
59 90
59 80
18 93
36 80
52 64
16 27
45 60
16 72
55 75
51 67
15 71
18 51
39 94
29 73
1 28
32 81
2 14
79 88
11 43
52 87
42 94
53 89
54 68
21 43
79 81
27 34
61 95
26 37
5 77
23 33
25 37
77 90
62 66
44 56
1 20
42 54
7 28
25 48
41 91
0 12
12 19
64 84
22 67
11 74
30 40
14 46
35 91
36 62
9 49
30 78
47 50
45 71
60 88
9 19
69 83
48 78
31 68
22 46
5 53
7 66
3 61
85 86
10 87
3 58
21 72
0 41
6 85
4 50
63 95
8 38
47 87
49 58
34 87
12 60
55 85
27 59
30 35
8 25
0 73
10 57
7 31
65 81
2 20
43 51
22 91
3 94
33 50
19 90
62 78
37 53
15 20
66 91
8 12
69 81
63 68
33 34
44 59
40 58
38 90
49 70
74 75
35 50
47 64
1 71
17 83
65 94
75 86
79 92
79 82
21 27
82 88
40 76
36 74
43 68
24 95
23 61
9 45
57 67
28 45
61 78
26 63
13 93
39 64
11 30
52 84
21 24
3 39
4 66
9 52
5 93
7 86
18 95
15 19
76 89
54 89
28 71
10 88
48 85
6 16
32 55
53 80
46 70
23 83
14 73
29 44
67 92
17 62
51 69
22 41
31 72
25 77
4 80
14 18
37 46
72 84
41 54
38 77
5 42
32 48
11 60
26 42
2 6
13 29
0 16
1 56
36 56
42 47
8 84
73 81
40 59
0 71
60 81
12 37
8 17
41 95
21 89
10 49
47 54
37 40
7 88
52 55
43 88
2 44
51 56
11 55
15 43
45 91
22 33
29 93
70 86
46 95
23 49
56 73
10 62
13 82
26 32
38 66
50 65
2 93
35 94
12 66
42 53
13 85
61 63
20 34
34 74
30 75
4 87
1 74
21 68
61 62
31 48
19 83
64 86
20 71
32 89
26 29
24 70
16 79
16 39
24 90
54 59
27 76
5 35
41 92
65 83
58 84
6 9
48 63
57 72
39 78
50 94
72 82
22 79
7 60
17 80
3 69
58 87
36 46
44 90
33 67
25 53
14 78
18 36
4 92
14 77
19 77
25 85
15 18
38 80
9 75
11 28
1 68
28 52
27 57
30 64
0 91
23 31
3 51
6 45
5 69
67 76
96 288 0
0 0 0 0 0 0 0 0 0 0 0 0 0 0 0 0 0 0 0 0 0 0 0 0 0 0 0 0 0 0 0 0 0 0 0 0 0 0 0 0 0 0 0 0 0 0 0 0 0 0 0 0 0 0 0 0 0 0 0 0 0 0 0 0 0 0 0 0 0 0 0 0 0 0 0 0 0 0 0 0 0 0 0 0 0 0 0 0 0 0 0 0 0 0 0 0
50 51
25 36
34 70
83 95
45 74
24 84
1 50
33 57
24 74
3 77
39 88
14 18
2 65
19 44
40 81
38 62
10 27
20 54
6 78
68 80
42 77
19 47
15 54
59 85
1 13
12 29
22 95
58 59
48 70
42 76
51 91
12 18
20 93
6 33
45 73
35 40
23 43
22 79
16 66
48 87
52 87
25 61
4 37
32 72
27 28
56 85
63 82
14 64
4 81
46 71
30 76
0 93
67 83
30 47
9 53
15 55
8 86
29 49
41 79
0 56
10 44
7 43
72 86
17 26
2 35
11 37
78 90
26 90
3 7
68 73
36 69
8 75
53 92
80 89
49 64
38 39
60 92
55 57
31 41
13 16
66 75
58 94
28 46
67 82
11 71
31 32
34 94
17 23
52 62
5 89
5 69
65 88
61 63
9 21
84 91
21 60
64 84
5 81
17 80
41 92
75 89
53 91
26 69
3 26
11 85
22 40
36 83
25 27
14 56
39 59
11 72
48 76
14 61
16 48
84 95
32 34
31 74
24 51
45 90
2 42
29 76
25 63
7 60
31 87
8 22
58 67
2 15
56 61
27 44
3 95
6 34
37 75
13 55
1 12
9 19
4 40
0 65
18 78
20 65
13 88
18 43
0 6
35 39
7 58
12 73
52 74
50 90
43 50
33 53
38 94
47 78
55 86
42 44
20 29
86 88
21 33
28 93
38 68
54 69
66 87
49 77
49 62
30 80
51 72
16 45
47 79
59 73
66 82
17 70
32 70
9 35
46 91
19 57
1 77
28 54
79 81
57 60
15 23
10 21
5 68
24 67
62 85
89 94
10 41
8 82
46 92
30 83
64 71
71 93
23 63
36 37
4 52
42 63
34 43
29 58
47 60
33 36
46 56
20 88
50 59
65 75
32 51
85 91
3 25
16 86
87 90
5 57
52 59
56 76
49 85
0 7
8 18
27 67
68 77
48 72
55 92
25 77
28 37
33 67
9 71
15 62
9 90
73 87
63 83
11 17
20 57
44 92
12 28
30 34
31 46
19 70
21 69
17 47
6 41
23 53
29 35
31 38
26 80
21 70
23 48
10 50
1 68
72 74
38 74
32 79
15 61
2 71
6 24
51 82
73 81
60 84
14 55
12 44
0 4
4 83
36 40
22 69
79 94
42 58
3 49
40 66
45 78
39 86
37 76
45 89
41 64
2 81
19 43
16 94
54 93
8 11
13 27
62 65
54 84
26 53
78 88
14 24
10 22
35 52
7 89
13 66
80 95
1 39
75 95
91 93
61 82
18 30
5 64
96 288 0
0 0 0 0 0 0 0 0 0 0 0 0 0 0 0 0 0 0 0 0 0 0 0 0 0 0 0 0 0 0 0 0 0 0 0 0 0 0 0 0 0 0 0 0 0 0 0 0 0 0 0 0 0 0 0 0 0 0 0 0 0 0 0 0 0 0 0 0 0 0 0 0 0 0 0 0 0 0 0 0 0 0 0 0 0 0 0 0 0 0 0 0 0 0 0 0
75 80
29 36
7 58
30 78
60 81
10 39
61 72
16 44
24 78
3 49
0 68
37 94
71 82
22 62
23 42
10 85
22 90
57 92
36 58
14 91
70 89
38 67
21 29
55 64
18 93
63 71
4 75
12 79
24 70
20 65
37 60
61 92
43 82
87 88
33 84
9 25
26 41
42 59
6 66
39 73
68 83
12 91
8 45
0 57
11 41
79 90
54 84
21 74
9 93
31 44
18 87
11 25
20 33
4 76
2 62
49 72
19 51
35 95
7 74
13 77
8 31
3 69
34 64
32 94
5 45
65 85
27 77
48 88
32 50
47 76
1 95
14 28
15 26
69 83
6 50
17 66
23 81
40 59
13 47
40 86
15 46
27 28
5 53
2 73
17 46
30 43
51 55
53 89
1 86
19 38
16 56
34 52
54 80
48 63
35 56
52 67
40 85
83 91
14 70
73 74
66 70
8 20
58 88
10 95
48 65
22 68
6 47
24 35
24 50
30 91
69 80
38 84
30 49
37 47
3 93
66 89
32 38
27 59
7 77
39 78
16 25
34 43
42 44
28 54
34 53
36 60
61 75
14 92
79 87
4 87
0 73
31 41
15 22
32 55
7 52
35 71
20 52
19 54
18 86
16 58
23 89
17 82
40 72
29 50
3 64
42 88
1 4
26 51
46 63
2 44
21 48
12 68
53 62
51 65
29 83
9 12
28 72
13 46
11 90
41 93
45 64
75 81
15 23
56 82
6 45
17 33
39 57
1 59
62 92
26 67
77 84
10 74
80 86
18 94
57 60
31 76
27 69
37 81
21 76
49 61
19 33
8 79
2 5
63 95
11 67
43 94
55 85
13 71
9 78
36 56
0 5
25 90
14 64
54 81
6 37
38 87
23 68
33 88
47 49
24 67
25 77
17 32
72 79
5 87
18 60
4 95
1 62
46 93
7 91
14 93
1 16
53 58
84 94
19 60
39 52
45 83
36 57
55 80
13 44
74 91
28 75
8 82
2 13
24 72
47 73
50 61
68 82
20 21
10 69
35 88
26 29
22 49
38 66
16 31
31 81
4 73
34 85
3 66
45 75
56 79
30 51
3 74
18 84
48 71
34 62
85 90
50 70
86 92
20 90
65 69
6 11
12 51
21 80
27 71
27 32
25 94
15 43
29 42
12 86
26 52
41 77
30 39
9 35
28 70
2 57
37 83
15 36
19 48
17 63
40 58
23 56
53 76
11 89
5 10
9 95
7 22
63 67
42 54
46 64
43 92
61 89
0 33
55 65
8 40
0 59
76 78
41 59
44 78
96 288 0
0 0 0 0 0 0 0 0 0 0 0 0 0 0 0 0 0 0 0 0 0 0 0 0 0 0 0 0 0 0 0 0 0 0 0 0 0 0 0 0 0 0 0 0 0 0 0 0 0 0 0 0 0 0 0 0 0 0 0 0 0 0 0 0 0 0 0 0 0 0 0 0 0 0 0 0 0 0 0 0 0 0 0 0 0 0 0 0 0 0 0 0 0 0 0 0
20 36
39 53
42 74
27 35
46 90
31 50
2 69
22 83
2 92
45 56
21 60
80 92
27 83
37 69
22 47
5 44
41 47
48 93
85 93
14 30
18 63
26 55
67 82
10 62
1 6
59 79
11 48
16 20
17 49
10 40
29 68
44 95
33 41
26 70
29 38
23 71
52 65
3 61
12 24
58 81
3 72
28 58
78 82
79 91
23 55
25 63
15 76
5 94
32 88
66 80
9 38
19 51
11 16
77 88
8 49
24 61
21 74
4 52
6 42
53 86
28 40
33 87
15 90
54 86
45 91
84 89
36 77
7 57
43 67
31 73
46 87
76 94
64 84
0 85
0 32
39 64
13 14
1 13
25 65
56 78
18 75
66 89
34 95
8 19
7 81
35 50
37 68
17 51
54 71
9 57
4 60
43 59
34 70
62 75
30 73
12 72
1 24
29 32
16 89
33 60
17 60
39 95
25 34
33 53
57 71
13 78
14 87
91 93
37 47
65 83
0 56
51 81
0 84
46 95
45 49
8 36
26 50
4 82
15 58
12 88
66 91
77 85
18 73
20 29
18 53
19 66
21 94
27 41
36 51
2 79
2 61
10 68
32 44
81 90
43 48
24 41
74 82
46 80
39 50
20 57
22 38
54 59
35 71
58 94
6 61
11 93
6 68
10 31
16 84
28 85
35 92
5 25
44 72
4 73
26 40
27 65
37 63
45 63
49 67
19 69
62 86
42 48
8 42
3 78
62 64
7 89
14 70
9 31
77 92
12 75
7 74
11 79
13 88
3 55
59 90
56 80
70 87
5 40
1 30
17 43
55 69
47 67
52 72
9 76
23 86
15 21
22 30
75 83
23 34
38 52
28 76
54 64
41 71
9 54
57 76
15 86
23 53
9 52
42 51
73 85
16 62
39 56
43 81
40 89
21 93
31 70
32 85
6 84
40 60
5 18
15 91
1 34
34 43
30 55
33 84
29 80
1 37
66 78
67 75
22 86
11 66
37 67
68 82
58 92
44 81
70 90
5 93
31 90
2 72
63 74
12 16
19 45
38 48
14 20
30 48
10 38
35 69
35 57
36 60
33 75
45 79
3 88
25 49
7 27
6 55
29 51
62 65
59 95
59 61
11 82
7 20
3 10
27 47
8 72
0 28
56 61
13 94
14 77
2 50
26 76
32 64
41 49
26 69
21 42
54 87
23 91
24 58
47 92
18 80
64 65
78 87
46 74
4 79
8 68
50 95
83 89
13 77
4 22
12 94
0 88
28 73
19 53
63 71
24 36
39 44
25 46
17 52
17 83
96 288 0
0 0 0 0 0 0 0 0 0 0 0 0 0 0 0 0 0 0 0 0 0 0 0 0 0 0 0 0 0 0 0 0 0 0 0 0 0 0 0 0 0 0 0 0 0 0 0 0 0 0 0 0 0 0 0 0 0 0 0 0 0 0 0 0 0 0 0 0 0 0 0 0 0 0 0 0 0 0 0 0 0 0 0 0 0 0 0 0 0 0 0 0 0 0 0 0
50 94
76 93
9 25
34 65
33 41
30 95
48 89
36 71
37 91
5 57
10 44
40 49
6 74
87 92
22 35
14 90
58 66
44 74
32 95
58 63
33 78
35 91
12 13
55 57
27 52
7 31
6 18
19 89
22 37
30 43
8 29
16 67
29 68
46 47
10 52
15 80
55 62
24 48
77 78
20 80
76 79
36 67
50 81
20 28
39 70
72 73
42 54
56 64
21 65
23 25
51 54
11 13
18 70
85 86
15 47
19 39
31 40
1 14
53 64
4 59
32 68
3 23
0 27
26 79
3 17
38 77
73 93
66 92
51 84
8 26
12 85
9 82
69 82
60 75
41 69
46 61
81 87
24 88
28 53
11 45
1 72
5 90
56 61
16 94
63 88
84 86
34 60
71 83
4 75
2 59
0 45
7 43
21 62
17 83
42 49
2 38
24 81
16 83
83 87
53 55
4 19
58 74
39 47
1 86
27 57
35 62
18 22
25 90
91 92
30 92
89 95
38 42
40 63
1 71
17 21
6 49
9 69
14 39
50 75
2 80
20 29
68 85
0 77
16 28
28 86
2 48
11 41
37 84
54 71
4 33
25 53
15 84
43 70
8 24
7 64
13 15
5 9
26 93
34 54
50 63
47 60
35 41
14 94
11 94
32 49
7 80
3 46
48 61
5 69
52 88
18 88
36 85
0 58
51 66
38 55
30 60
12 20
17 31
76 90
56 95
42 78
23 67
33 73
56 68
46 77
13 75
44 81
8 76
23 45
22 73
6 72
3 52
26 29
66 93
27 79
51 67
72 91
40 64
62 82
59 79
10 36
43 61
65 74
34 59
21 32
57 78
19 44
10 87
37 82
65 89
31 45
12 70
5 10
7 71
4 27
21 82
4 44
43 95
42 68
2 73
26 60
32 37
27 31
47 65
17 71
18 43
74 90
83 93
15 54
52 90
20 55
78 86
63 67
23 56
51 58
9 45
24 87
62 76
56 81
29 66
49 70
13 94
14 77
11 59
63 76
1 8
60 62
36 53
79 93
16 69
33 85
34 40
41 67
58 85
31 68
65 75
2 17
14 54
23 70
38 48
35 87
16 46
35 61
26 81
80 95
0 3
25 72
59 74
5 37
28 89
1 89
75 91
10 38
3 77
41 46
39 49
25 42
21 47
57 88
84 92
33 44
22 79
80 88
34 84
36 66
6 92
11 73
29 52
24 50
72 78
50 86
83 91
0 39
45 55
12 32
20 30
15 94
12 64
18 61
6 28
19 53
9 48
7 69
30 57
40 51
8 64
13 19
22 82
96 288 0
0 0 0 0 0 0 0 0 0 0 0 0 0 0 0 0 0 0 0 0 0 0 0 0 0 0 0 0 0 0 0 0 0 0 0 0 0 0 0 0 0 0 0 0 0 0 0 0 0 0 0 0 0 0 0 0 0 0 0 0 0 0 0 0 0 0 0 0 0 0 0 0 0 0 0 0 0 0 0 0 0 0 0 0 0 0 0 0 0 0 0 0 0 0 0 0
35 47
40 65
51 55
11 91
66 78
3 14
27 92
24 43
32 43
13 70
39 46
48 88
25 75
35 37
66 89
31 50
30 75
19 22
21 62
1 59
9 28
53 71
12 83
28 54
60 71
8 77
27 39
1 23
0 38
60 64
53 72
56 93
17 85
7 86
7 16
32 49
6 23
6 90
33 79
90 94
50 80
52 95
83 93
31 69
68 79
5 10
19 29
76 95
44 82
47 57
42 63
2 72
4 41
18 81
45 84
2 25
55 69
59 65
22 40
9 13
67 80
5 38
77 91
3 56
34 76
68 81
64 70
11 73
12 33
57 67
8 29
74 84
74 87
0 48
24 61
34 88
41 49
15 16
14 36
18 86
62 89
15 87
20 73
36 92
37 85
42 45
51 58
10 46
58 82
17 63
26 61
52 54
4 20
44 78
21 26
30 94
15 90
14 61
20 84
54 59
85 95
42 56
0 14
38 66
3 83
25 68
19 77
10 22
73 81
12 27
18 76
1 79
47 74
34 85
39 78
44 91
7 63
29 93
37 69
30 89
6 33
31 82
4 75
82 89
38 41
13 17
6 48
18 29
48 90
24 37
10 43
71 78
12 64
60 79
3 23
62 88
47 72
30 52
5 31
28 80
67 68
92 95
45 93
40 70
54 77
44 49
24 46
25 42
55 65
53 61
63 65
2 64
33 58
8 52
1 87
80 94
57 86
9 21
35 81
36 69
16 22
51 67
72 91
15 36
35 43
71 92
20 49
9 26
4 32
34 50
17 84
2 7
39 40
5 62
11 58
60 87
28 51
46 66
21 86
41 94
8 57
11 27
19 23
26 88
45 83
70 73
59 74
0 56
16 75
55 76
13 53
32 50
18 30
21 48
46 63
1 76
2 15
25 52
15 95
77 83
14 92
24 93
91 93
53 55
47 51
49 74
0 72
28 47
14 77
36 58
0 6
20 66
72 85
9 40
20 86
39 88
61 84
31 87
50 78
23 44
12 73
19 84
32 79
5 54
13 48
65 94
54 57
26 37
8 33
17 90
3 85
45 80
6 22
21 36
23 34
44 86
33 59
50 63
27 40
46 53
41 69
10 32
17 43
37 87
12 75
10 35
67 71
38 60
59 64
42 81
1 27
7 52
24 56
5 34
7 62
41 89
11 31
26 78
74 91
35 45
43 62
18 88
22 70
4 25
29 73
11 55
30 65
51 57
16 82
38 70
2 95
29 94
83 89
66 68
68 90
39 81
4 61
13 67
28 69
42 75
58 80
49 64
8 79
9 92
3 82
16 19
60 76
56 71
96 288 0
0 0 0 0 0 0 0 0 0 0 0 0 0 0 0 0 0 0 0 0 0 0 0 0 0 0 0 0 0 0 0 0 0 0 0 0 0 0 0 0 0 0 0 0 0 0 0 0 0 0 0 0 0 0 0 0 0 0 0 0 0 0 0 0 0 0 0 0 0 0 0 0 0 0 0 0 0 0 0 0 0 0 0 0 0 0 0 0 0 0 0 0 0 0 0 0
63 82
50 69
55 78
7 59
9 81
18 95
72 93
24 48
4 90
3 7
79 87
14 31
73 89
58 67
1 93
16 47
29 72
48 68
28 69
0 11
8 65
37 75
61 75
64 73
74 80
60 61
51 54
17 25
76 86
5 25
40 49
17 39
0 18
14 41
13 33
71 94
35 38
6 95
5 22
42 84
51 78
32 91
64 89
12 52
36 62
12 13
27 34
45 55
19 66
8 92
63 77
21 43
1 65
23 53
24 94
10 38
4 59
62 87
16 88
2 47
15 80
11 76
79 82
10 26
30 56
44 53
6 46
23 58
33 91
74 77
35 71
85 88
42 57
26 85
52 54
2 84
43 44
46 49
21 57
50 67
3 28
37 56
20 70
19 81
9 29
31 32
60 83
66 92
40 86
36 39
45 70
30 83
22 27
15 34
41 90
20 68
13 22
14 60
70 78
39 66
64 94
89 93
36 54
85 86
43 71
36 53
48 67
11 48
59 77
12 32
50 62
0 5
10 23
41 79
14 95
6 8
13 20
15 37
8 35
19 47
32 51
33 61
31 45
34 81
41 68
9 55
72 90
53 91
33 38
29 35
49 63
1 39
23 46
40 72
7 65
15 16
74 92
51 57
52 56
0 37
11 83
4 43
21 81
42 90
63 87
1 83
79 88
42 67
17 50
44 85
26 44
2 92
54 94
9 49
34 77
10 46
4 28
80 86
12 71
73 74
66 82
52 58
2 27
47 55
62 75
60 73
28 45
18 84
30 76
18 25
20 22
24 69
38 61
16 68
40 58
59 82
31 91
24 30
87 88
76 80
93 95
26 65
69 84
25 64
17 70
27 29
3 5
19 78
21 56
3 6
57 89
7 75
51 85
0 81
0 68
63 95
1 50
16 30
4 57
53 80
37 57
43 69
31 49
42 48
35 93
15 33
69 90
18 22
3 23
19 24
65 67
54 85
54 84
8 40
11 66
10 94
34 91
22 43
59 95
47 89
17 87
5 44
7 58
19 25
20 64
79 84
32 87
5 6
37 91
9 14
13 89
73 82
11 41
21 90
32 72
52 70
26 46
80 83
21 71
24 25
4 56
71 73
29 51
34 48
39 55
45 62
3 15
44 92
61 88
61 86
39 42
40 76
28 31
2 55
28 58
36 88
36 66
72 78
46 68
30 33
1 38
2 77
38 83
29 70
35 78
59 67
13 74
8 64
47 82
23 92
7 18
6 86
41 56
20 60
10 81
49 93
12 26
60 79
17 75
12 65
16 27
45 94
52 53
9 75
50 74
62 77
27 63
14 76
96 288 0
0 0 0 0 0 0 0 0 0 0 0 0 0 0 0 0 0 0 0 0 0 0 0 0 0 0 0 0 0 0 0 0 0 0 0 0 0 0 0 0 0 0 0 0 0 0 0 0 0 0 0 0 0 0 0 0 0 0 0 0 0 0 0 0 0 0 0 0 0 0 0 0 0 0 0 0 0 0 0 0 0 0 0 0 0 0 0 0 0 0 0 0 0 0 0 0
24 84
24 68
66 95
51 72
35 77
76 89
43 73
13 28
46 73
10 62
62 94
50 86
52 80
71 75
20 50
15 20
0 31
5 65
29 81
74 88
45 77
40 82
42 67
36 47
52 65
6 81
10 45
8 69
23 94
16 58
7 49
33 47
23 42
83 90
38 74
17 86
32 68
3 9
27 60
12 76
57 75
41 48
64 79
22 29
3 28
32 36
26 48
21 53
17 82
2 79
34 91
55 72
4 22
7 87
13 33
66 78
9 88
71 87
1 39
39 78
12 41
37 90
18 84
35 67
34 70
25 91
11 92
44 63
2 26
16 49
27 57
8 30
60 85
14 55
19 95
85 93
38 46
61 93
58 80
5 70
30 89
19 40
11 59
4 59
18 54
15 53
21 61
31 44
0 43
6 14
1 25
51 64
69 92
37 56
56 83
54 63
66 76
40 50
54 89
6 33
20 71
72 90
0 95
61 68
50 85
1 63
36 59
40 92
2 3
18 87
4 71
11 44
63 80
8 94
5 95
30 65
28 47
22 67
53 58
43 89
6 26
7 20
16 41
32 38
38 88
0 94
2 44
55 56
21 58
25 93
52 69
23 74
51 82
30 78
48 78
4 31
34 77
9 52
28 42
24 36
15 80
17 29
11 51
8 93
31 49
49 56
12 64
85 92
14 74
35 84
60 62
33 61
53 65
62 73
43 48
59 83
16 46
39 45
17 34
32 37
5 10
64 88
46 57
1 27
37 66
3 70
25 72
75 91
54 79
42 47
10 35
23 81
22 83
18 91
45 69
55 68
14 39
19 81
13 82
41 86
77 87
19 60
73 84
67 75
12 57
15 90
24 70
7 26
13 29
9 21
27 76
79 86
12 39
17 42
46 58
41 50
10 36
6 73
16 88
66 69
77 91
46 54
18 27
80 90
25 66
19 76
11 34
9 24
28 78
0 63
23 45
18 28
9 57
71 88
35 74
60 75
79 95
31 39
49 65
48 76
2 63
19 64
64 67
25 59
52 81
38 93
7 53
14 82
30 70
2 75
11 20
47 51
13 94
78 85
0 26
92 95
10 80
27 54
5 92
42 62
32 49
5 34
4 6
26 47
56 73
30 32
79 85
37 67
12 43
51 87
90 94
72 83
23 31
59 62
20 69
8 91
68 70
7 86
38 41
68 71
29 93
1 83
37 44
36 77
29 33
44 82
60 72
15 17
40 48
13 43
35 53
3 55
57 89
1 14
50 87
86 89
52 55
21 74
3 58
8 40
22 81
65 84
56 84
4 61
15 22
16 61
33 45
21 24
96 288 0
0 0 0 0 0 0 0 0 0 0 0 0 0 0 0 0 0 0 0 0 0 0 0 0 0 0 0 0 0 0 0 0 0 0 0 0 0 0 0 0 0 0 0 0 0 0 0 0 0 0 0 0 0 0 0 0 0 0 0 0 0 0 0 0 0 0 0 0 0 0 0 0 0 0 0 0 0 0 0 0 0 0 0 0 0 0 0 0 0 0 0 0 0 0 0 0
52 66
10 66
34 52
14 65
20 29
8 88
6 57
76 79
24 93
28 46
59 61
3 7
14 32
39 94
9 11
26 95
50 84
38 40
41 67
70 82
55 72
8 22
1 42
30 71
16 27
71 78
43 46
40 68
21 33
7 27
2 86
62 70
73 89
4 30
69 88
42 51
5 64
4 12
13 67
62 63
15 25
15 84
6 79
34 81
12 74
17 58
35 49
36 93
0 65
16 54
89 95
73 85
22 36
49 68
3 58
31 43
18 44
56 90
13 92
18 53
63 80
61 75
25 92
0 69
24 55
37 87
28 77
5 38
76 86
57 91
82 94
47 91
60 87
45 85
53 83
17 47
51 78
1 54
11 19
80 81
56 77
32 75
44 48
10 23
31 90
20 74
19 72
33 48
9 39
21 41
45 59
26 64
2 35
60 83
29 37
23 50
28 39
45 48
52 84
51 76
44 49
58 85
6 75
9 21
1 75
7 56
71 92
35 92
47 68
18 24
27 33
50 69
80 88
5 73
53 94
17 42
40 86
19 37
31 72
2 14
54 86
41 88
89 93
46 78
8 52
29 48
29 49
30 70
57 59
87 95
23 77
23 95
20 32
3 14
36 42
32 46
39 82
38 79
8 80
11 84
74 82
24 66
70 78
34 47
63 67
37 91
43 45
85 87
44 81
9 61
33 34
20 51
22 68
17 72
12 93
6 83
28 67
11 22
27 89
62 65
10 91
13 25
2 65
18 61
5 36
4 16
53 58
12 26
15 21
64 90
4 38
25 60
10 50
7 54
1 66
62 71
13 31
73 94
41 74
0 64
63 90
15 79
43 83
56 59
26 30
55 57
40 76
0 19
16 35
60 77
55 69
3 81
29 60
30 73
30 56
37 78
58 65
4 55
27 40
10 49
15 24
8 54
24 87
44 58
7 85
22 47
53 85
28 81
51 95
41 50
37 86
35 76
32 82
63 78
0 79
38 93
34 83
12 41
66 72
19 77
17 45
20 53
32 39
9 77
6 89
14 71
5 18
2 31
34 51
84 92
22 70
48 92
11 29
28 80
33 83
44 45
40 62
60 81
55 68
21 63
74 89
47 90
11 86
3 10
67 94
1 27
42 59
61 88
43 54
5 62
66 69
0 94
46 64
1 2
12 23
16 20
48 79
56 74
70 76
25 91
36 87
6 14
67 73
52 71
46 57
33 88
9 65
3 15
4 7
21 42
31 39
35 84
75 80
8 26
13 36
25 82
13 93
19 64
17 52
59 72
50 95
16 61
23 38
43 69
26 75
57 68
18 90
49 91
96 288 0
0 0 0 0 0 0 0 0 0 0 0 0 0 0 0 0 0 0 0 0 0 0 0 0 0 0 0 0 0 0 0 0 0 0 0 0 0 0 0 0 0 0 0 0 0 0 0 0 0 0 0 0 0 0 0 0 0 0 0 0 0 0 0 0 0 0 0 0 0 0 0 0 0 0 0 0 0 0 0 0 0 0 0 0 0 0 0 0 0 0 0 0 0 0 0 0
63 91
40 55
9 60
42 54
85 87
45 75
5 14
2 95
4 34
6 79
46 66
68 74
53 91
3 70
44 95
82 89
3 13
9 85
52 89
13 31
10 71
15 60
10 87
18 66
11 86
12 78
41 58
69 92
27 80
55 65
22 84
52 82
7 45
25 76
57 59
57 64
8 59
44 70
4 76
1 71
16 80
2 93
12 54
21 43
34 69
20 38
27 67
41 48
37 67
5 19
33 62
8 84
28 94
48 77
24 42
35 47
6 26
19 75
21 94
63 90
25 46
50 56
79 86
7 53
51 73
17 93
62 65
47 83
0 83
26 49
36 51
17 68
20 73
22 38
29 50
72 92
23 30
29 64
15 32
0 35
33 56
61 81
23 88
36 90
31 72
1 61
39 43
18 39
24 28
37 58
16 74
32 77
14 30
40 49
78 81
11 88
26 46
15 76
18 81
1 54
49 69
24 65
12 70
34 93
3 5
4 71
18 57
7 41
30 44
66 84
22 47
38 88
10 56
13 36
3 95
11 24
20 82
36 85
31 59
67 85
52 73
11 42
21 88
7 9
35 51
55 63
48 56
14 53
69 89
6 90
23 41
58 72
70 87
25 91
26 61
12 47
2 31
37 79
14 80
42 64
34 38
28 39
68 80
33 77
33 78
15 40
66 87
8 90
8 29
19 68
48 52
61 65
16 93
60 83
27 35
57 94
16 60
58 92
0 67
71 89
49 54
6 74
23 50
37 73
5 63
32 83
46 82
4 27
59 84
13 91
0 45
17 62
22 86
43 45
1 10
20 43
30 51
39 40
75 86
44 76
62 95
29 53
9 28
17 81
79 94
19 64
2 92
25 32
21 74
50 78
55 77
72 75
14 37
25 48
20 78
4 79
23 91
79 82
19 39
80 93
2 64
76 88
72 85
29 54
46 86
31 61
10 50
14 82
31 44
35 73
5 75
22 43
21 33
47 55
69 78
0 30
21 34
20 74
70 81
6 66
81 94
59 62
1 4
34 77
38 60
24 39
10 48
25 75
7 76
26 65
6 58
13 49
51 68
63 87
2 53
1 57
41 54
87 94
15 92
56 74
46 60
49 53
12 36
43 95
11 65
27 91
15 42
37 57
41 89
73 89
45 51
45 59
32 61
77 90
30 86
19 66
28 47
3 18
64 68
9 84
3 52
71 95
29 83
33 71
24 56
38 80
8 92
16 84
8 17
62 67
9 16
35 36
28 58
22 27
26 40
5 52
11 85
0 90
40 88
42 69
13 44
12 17
7 50
32 93
67 83
23 63
55 70
18 72
96 288 0
0 0 0 0 0 0 0 0 0 0 0 0 0 0 0 0 0 0 0 0 0 0 0 0 0 0 0 0 0 0 0 0 0 0 0 0 0 0 0 0 0 0 0 0 0 0 0 0 0 0 0 0 0 0 0 0 0 0 0 0 0 0 0 0 0 0 0 0 0 0 0 0 0 0 0 0 0 0 0 0 0 0 0 0 0 0 0 0 0 0 0 0 0 0 0 0
66 82
51 91
66 73
13 90
12 86
25 36
30 79
53 89
32 87
29 30
24 94
69 78
9 36
87 90
17 75
6 7
20 77
13 69
64 80
3 92
59 62
29 83
8 65
49 67
47 55
60 74
76 95
20 32
63 77
58 67
35 44
8 45
19 61
22 89
72 73
92 95
0 85
2 31
33 45
46 74
0 60
10 59
2 57
28 38
10 71
31 63
43 83
19 46
39 84
42 47
37 51
14 65
57 58
14 37
48 81
12 64
5 40
16 84
9 39
72 94
18 42
11 15
27 68
18 50
6 33
17 80
34 56
52 88
22 79
23 54
48 70
4 21
5 43
1 81
41 78
15 38
23 55
11 16
3 4
7 21
24 34
40 50
25 28
26 85
35 52
1 93
27 82
49 70
71 91
56 68
54 93
41 62
75 88
26 86
53 76
44 61
12 34
9 29
3 6
21 46
0 36
1 47
50 78
65 81
73 83
43 44
25 81
31 38
2 94
40 59
41 75
70 93
6 95
30 78
59 87
30 42
21 38
15 74
51 62
14 19
50 83
53 91
57 88
72 93
11 54
63 85
18 63
16 22
76 79
9 26
0 65
36 56
64 94
12 39
27 58
25 48
23 46
61 75
66 74
62 73
49 79
15 35
10 90
33 52
31 42
19 41
5 76
32 64
14 68
35 87
28 60
13 92
52 84
27 45
88 90
8 89
43 71
20 55
17 77
17 68
71 95
26 57
5 22
20 66
24 37
37 49
7 23
48 89
51 86
10 69
2 7
47 56
28 84
3 54
16 86
24 29
4 92
11 32
55 85
34 53
13 18
8 91
40 80
58 82
45 67
61 72
4 70
1 67
39 44
33 80
69 82
60 77
33 60
39 73
19 29
46 91
60 93
61 65
58 79
18 34
31 46
28 54
6 23
1 12
84 90
69 89
11 80
25 51
62 63
40 78
34 94
39 67
64 76
35 68
19 42
0 13
7 41
40 43
9 56
22 75
50 88
71 85
74 81
27 87
5 85
3 27
1 82
8 47
37 65
6 72
22 28
70 84
35 64
0 4
48 58
18 91
24 61
56 83
20 74
41 66
3 38
7 49
54 70
47 88
14 59
15 49
17 89
16 29
2 71
21 26
5 10
45 78
14 24
8 62
55 87
81 92
2 33
20 52
38 72
32 57
79 80
59 63
50 66
26 45
10 43
16 76
52 75
11 30
25 31
51 94
36 67
21 68
15 53
57 77
13 30
36 95
42 44
73 82
23 37
69 90
32 86
53 86
9 92
44 77
17 55
83 95
4 12
48 93
96 288 0
0 0 0 0 0 0 0 0 0 0 0 0 0 0 0 0 0 0 0 0 0 0 0 0 0 0 0 0 0 0 0 0 0 0 0 0 0 0 0 0 0 0 0 0 0 0 0 0 0 0 0 0 0 0 0 0 0 0 0 0 0 0 0 0 0 0 0 0 0 0 0 0 0 0 0 0 0 0 0 0 0 0 0 0 0 0 0 0 0 0 0 0 0 0 0 0
3 31
16 27
82 89
21 55
22 57
23 73
17 24
70 92
4 23
43 63
49 90
67 92
1 25
40 43
30 34
35 54
44 48
1 7
6 44
6 73
26 72
5 27
36 84
19 74
30 50
31 47
76 89
74 93
11 78
69 84
40 75
33 48
51 77
71 83
13 22
45 68
65 81
37 64
5 72
12 58
8 59
39 94
3 65
14 46
2 13
24 25
61 91
60 68
49 95
15 94
15 41
19 53
20 85
20 81
9 50
67 88
29 80
29 82
69 95
61 86
39 79
38 75
36 57
56 90
4 62
10 26
70 85
46 87
17 63
8 77
60 79
12 55
28 91
28 58
52 62
0 32
7 64
52 66
56 87
10 41
32 53
34 59
18 35
9 18
45 78
21 80
71 76
37 38
47 83
66 93
16 86
14 42
0 51
33 88
11 54
2 42
21 23
47 67
8 41
41 53
19 21
59 72
56 66
30 38
25 75
9 39
1 36
0 92
3 68
16 89
26 87
58 64
57 93
15 54
2 32
45 56
37 42
71 74
24 79
6 86
25 89
53 88
10 17
7 47
24 74
22 71
4 14
50 78
0 1
12 94
42 95
49 83
55 86
19 52
57 90
34 95
50 82
48 72
18 51
60 92
7 35
38 63
29 55
45 60
48 75
5 15
23 26
63 67
2 12
30 36
43 46
40 88
58 84
11 35
11 65
6 61
46 52
69 79
61 85
16 34
68 76
14 33
43 90
80 82
40 81
20 27
27 28
8 78
62 87
39 80
17 64
77 81
20 28
10 22
5 37
31 65
77 91
13 18
54 73
49 73
13 44
69 76
91 93
32 94
29 51
31 70
3 4
44 59
84 85
33 62
70 83
9 66
13 37
56 58
1 40
30 53
29 33
54 77
19 35
27 46
71 84
17 43
16 18
39 85
6 34
0 78
68 92
53 71
10 91
29 49
76 81
82 88
2 90
38 87
23 58
36 55
9 35
60 69
5 86
42 61
18 65
28 32
42 74
1 57
34 76
22 69
20 67
11 50
9 89
74 90
38 79
41 73
24 44
5 45
72 83
8 84
46 93
81 95
51 62
68 88
59 95
10 47
28 85
0 49
4 52
50 63
15 63
26 51
7 60
43 47
6 39
13 21
4 33
25 57
25 40
54 75
31 44
56 91
12 15
79 83
30 72
11 93
14 70
66 89
22 94
75 78
20 87
16 65
82 94
23 70
8 19
26 80
52 86
21 37
59 64
3 62
66 67
14 92
7 45
12 27
24 36
3 80
2 73
31 61
41 77
17 32
48 64
48 55
96 288 0
0 0 0 0 0 0 0 0 0 0 0 0 0 0 0 0 0 0 0 0 0 0 0 0 0 0 0 0 0 0 0 0 0 0 0 0 0 0 0 0 0 0 0 0 0 0 0 0 0 0 0 0 0 0 0 0 0 0 0 0 0 0 0 0 0 0 0 0 0 0 0 0 0 0 0 0 0 0 0 0 0 0 0 0 0 0 0 0 0 0 0 0 0 0 0 0
0 43
56 58
62 84
59 88
36 44
4 78
6 51
25 90
5 29
22 79
48 55
3 66
19 76
10 35
34 35
66 90
37 61
40 61
7 68
31 47
32 56
18 57
5 32
12 36
15 71
23 91
64 71
50 95
42 55
76 82
18 52
41 44
63 94
45 73
39 91
70 89
77 95
0 69
9 60
38 58
82 83
8 72
19 28
14 52
43 63
27 30
20 24
75 92
64 65
12 49
6 28
13 48
26 46
25 81
26 62
1 11
23 84
24 33
16 80
74 78
67 94
7 46
49 54
33 50
17 31
72 86
16 85
81 83
15 51
8 93
79 88
14 42
85 86
39 67
3 34
21 60
4 13
73 74
30 59
2 92
22 93
29 41
45 68
47 54
75 87
57 87
17 20
10 40
27 37
2 70
1 77
9 65
53 69
21 80
11 89
38 53
29 30
75 94
26 70
36 85
4 80
14 68
47 66
3 74
28 60
63 92
24 63
39 95
53 73
20 94
65 71
10 61
20 32
7 31
5 81
40 42
18 21
64 77
37 81
57 85
16 67
18 27
1 52
40 44
37 86
62 88
78 92
9 15
32 59
48 62
19 66
33 56
43 56
0 61
19 22
58 78
84 87
51 88
69 89
7 44
13 86
13 30
39 76
79 90
10 12
35 51
11 23
41 55
25 67
5 79
6 69
11 95
50 72
52 68
2 89
3 4
6 38
54 72
45 46
45 70
24 29
23 43
55 83
8 22
48 65
41 87
46 57
50 93
27 64
28 31
38 73
54 91
9 80
25 75
2 53
8 12
34 91
1 83
21 76
77 90
16 93
14 34
17 42
17 49
26 84
33 58
36 60
47 82
35 49
15 74
71 82
0 59
24 65
24 70
27 31
83 91
10 60
81 95
28 77
37 57
4 49
23 44
36 93
35 74
33 55
70 78
17 32
41 52
21 26
35 86
4 14
16 34
50 88
53 89
30 69
16 60
29 88
21 25
6 56
84 89
50 85
17 72
1 82
15 48
19 91
7 37
11 87
75 93
11 67
42 59
76 92
31 32
66 79
23 38
8 54
22 40
47 85
6 79
43 59
61 66
30 90
5 22
10 72
33 53
7 51
1 94
27 45
46 69
29 94
52 58
47 80
8 55
5 76
71 90
63 68
58 63
15 61
34 81
57 64
3 18
13 39
54 80
51 73
19 84
9 62
36 56
0 49
25 62
64 83
77 87
13 95
28 67
44 86
41 78
65 92
48 82
9 45
26 39
40 68
0 14
3 42
38 74
2 71
18 43
20 46
12 75
2 73
12 20
96 288 0
0 0 0 0 0 0 0 0 0 0 0 0 0 0 0 0 0 0 0 0 0 0 0 0 0 0 0 0 0 0 0 0 0 0 0 0 0 0 0 0 0 0 0 0 0 0 0 0 0 0 0 0 0 0 0 0 0 0 0 0 0 0 0 0 0 0 0 0 0 0 0 0 0 0 0 0 0 0 0 0 0 0 0 0 0 0 0 0 0 0 0 0 0 0 0 0
34 37
16 60
17 57
66 80
62 90
24 80
10 71
12 19
58 83
27 95
46 52
44 76
30 79
28 85
7 61
45 93
36 41
11 65
17 41
11 46
19 89
69 71
14 88
13 55
16 59
47 87
0 67
9 51
40 83
22 79
72 77
42 60
21 55
32 43
3 67
69 86
8 18
18 50
49 88
37 43
8 33
38 73
15 75
4 78
23 31
34 62
35 90
9 91
54 81
7 53
20 74
6 89
40 57
5 70
48 66
28 49
0 4
2 44
31 77
85 86
3 25
61 94
2 68
15 93
1 27
14 26
47 84
12 53
26 45
39 72
24 59
39 65
21 50
52 68
10 36
63 81
23 56
76 92
1 51
87 92
32 64
5 29
33 74
20 94
25 75
48 70
35 64
56 91
54 84
29 82
38 42
6 63
73 95
58 82
22 78
13 30
67 92
61 81
16 57
32 88
38 52
18 37
28 70
26 35
76 81
74 90
57 75
63 64
43 58
59 80
54 83
27 37
36 49
50 68
1 47
11 51
32 63
24 41
70 90
2 14
60 78
20 35
31 44
79 89
7 25
39 71
45 87
73 86
88 94
55 61
46 49
4 21
21 82
18 54
19 58
10 42
1 5
73 77
2 6
12 40
24 42
29 43
13 34
22 95
39 78
55 85
68 69
26 56
46 59
40 74
0 30
31 51
11 95
38 53
50 67
12 66
48 76
36 62
47 86
77 92
56 60
25 64
16 23
33 41
9 17
65 83
9 20
7 19
65 87
10 33
45 94
8 79
15 71
17 30
53 85
22 28
8 72
84 93
29 75
84 91
34 91
15 80
4 6
13 23
3 66
3 14
52 72
27 48
5 69
62 89
44 82
0 93
9 88
34 55
25 33
52 60
24 74
28 36
0 43
77 79
58 86
72 84
7 67
25 32
69 73
31 86
15 87
14 22
75 94
30 70
60 74
43 59
16 71
56 85
11 18
9 53
0 23
3 12
37 49
8 64
70 88
27 61
41 84
39 76
26 92
5 80
51 75
17 23
10 35
38 40
46 95
78 93
1 72
34 36
7 65
48 81
51 85
29 46
29 61
2 41
26 54
18 64
44 89
68 87
47 91
35 63
6 13
5 53
10 22
2 71
44 49
30 62
14 63
13 17
57 78
32 42
4 55
38 59
33 94
19 66
27 57
69 80
24 28
20 66
19 90
67 83
62 93
48 54
37 89
16 90
12 68
8 91
81 95
40 65
11 92
45 82
6 31
1 52
50 56
3 21
58 77
15 20
42 76
82 83
21 45
4 73
39 79
47 50
96 288 0
0 0 0 0 0 0 0 0 0 0 0 0 0 0 0 0 0 0 0 0 0 0 0 0 0 0 0 0 0 0 0 0 0 0 0 0 0 0 0 0 0 0 0 0 0 0 0 0 0 0 0 0 0 0 0 0 0 0 0 0 0 0 0 0 0 0 0 0 0 0 0 0 0 0 0 0 0 0 0 0 0 0 0 0 0 0 0 0 0 0 0 0 0 0 0 0
9 12
32 61
4 28
40 91
19 25
62 65
78 90
4 37
27 34
67 68
64 82
47 66
23 70
59 71
33 57
13 82
11 31
2 21
10 78
6 36
24 72
76 86
26 53
25 74
33 75
0 6
30 45
0 65
11 49
9 10
61 77
29 86
60 93
29 57
56 79
52 70
41 85
43 94
42 66
13 16
18 55
3 23
81 95
7 93
68 80
51 85
17 95
31 41
89 94
3 73
80 84
18 59
19 46
20 63
47 58
15 63
1 22
32 48
27 54
69 71
37 53
76 89
2 35
54 55
7 46
38 77
12 17
51 58
60 67
26 75
36 50
8 39
30 64
14 39
15 83
69 74
1 16
88 92
40 81
5 73
44 84
50 83
42 48
24 34
28 45
8 20
43 72
52 88
79 92
5 49
56 87
21 91
38 87
44 62
14 22
35 90
9 69
31 79
64 80
54 64
5 7
59 60
54 67
50 87
55 59
28 86
5 39
42 57
29 30
11 93
49 91
22 27
13 19
21 24
10 17
18 56
41 49
53 69
32 79
6 12
3 4
40 70
13 90
0 1
74 75
56 75
34 37
8 22
44 58
14 94
82 83
2 53
12 23
26 52
26 91
63 76
71 77
48 95
63 92
31 42
30 85
46 61
67 72
43 73
52 68
25 46
9 92
77 89
33 81
35 70
36 93
39 51
34 44
15 38
6 61
23 50
25 83
1 94
45 68
20 27
58 72
16 84
17 65
66 78
35 74
2 48
10 21
28 41
36 55
24 45
14 51
29 60
62 81
32 47
47 78
0 4
15 87
33 71
20 86
57 89
11 85
82 90
18 37
84 88
65 76
73 95
8 40
7 80
16 62
43 66
19 38
3 88
16 20
15 66
21 86
60 65
6 52
45 48
29 68
62 84
32 80
31 84
51 95
34 39
2 77
28 37
58 88
4 83
44 83
39 40
11 43
19 78
64 74
15 41
13 62
58 74
30 50
18 53
0 46
4 63
14 34
10 81
3 70
17 21
76 77
56 76
19 55
35 71
69 82
24 52
28 90
54 56
10 23
27 71
5 88
13 85
40 72
90 94
24 37
2 86
47 79
33 35
32 50
1 43
1 78
7 45
22 49
7 23
6 46
55 95
36 75
31 93
42 59
48 82
9 33
5 17
67 89
87 91
26 73
42 67
30 57
38 73
64 91
12 68
11 14
8 9
8 61
20 53
85 92
0 36
59 61
22 47
44 65
16 57
18 80
26 93
54 75
29 66
12 87
38 69
70 81
3 72
60 89
27 49
41 63
25 92
51 94
25 79
96 288 0
0 0 0 0 0 0 0 0 0 0 0 0 0 0 0 0 0 0 0 0 0 0 0 0 0 0 0 0 0 0 0 0 0 0 0 0 0 0 0 0 0 0 0 0 0 0 0 0 0 0 0 0 0 0 0 0 0 0 0 0 0 0 0 0 0 0 0 0 0 0 0 0 0 0 0 0 0 0 0 0 0 0 0 0 0 0 0 0 0 0 0 0 0 0 0 0
28 72
62 67
6 26
6 58
82 93
53 91
63 83
43 53
4 58
68 76
41 87
52 88
20 54
56 76
48 92
31 45
49 94
44 69
27 30
15 44
13 85
14 50
42 81
3 65
78 89
29 73
10 39
30 73
10 25
21 78
17 34
33 37
56 68
9 28
2 9
4 51
47 83
5 18
52 85
23 63
12 40
13 69
36 71
18 64
1 81
46 79
46 77
22 25
57 59
0 70
59 71
19 54
11 72
38 82
70 95
43 86
12 45
42 65
66 89
47 92
31 35
64 90
5 8
79 87
55 75
37 75
16 80
62 91
26 94
27 84
16 17
3 20
22 29
51 80
24 32
41 60
40 74
1 7
24 86
2 39
33 61
8 61
21 77
38 67
49 55
32 95
35 66
48 90
0 74
50 88
11 19
57 93
15 23
7 14
36 60
34 84
35 72
10 49
19 63
2 54
13 42
20 78
37 41
14 59
7 83
64 72
22 68
21 23
31 52
40 68
44 65
66 69
16 49
42 43
36 69
9 16
4 53
53 61
48 66
5 67
78 84
77 92
17 75
74 82
47 94
1 59
41 46
81 91
24 73
11 46
20 61
17 25
30 80
28 93
19 24
13 64
6 50
5 95
3 94
8 56
60 88
32 77
25 62
26 71
31 93
0 56
39 91
44 58
29 35
22 34
12 33
30 33
21 54
11 36
57 86
7 71
14 86
40 87
45 84
88 89
79 95
76 80
37 52
27 39
10 18
32 57
60 83
55 90
4 65
3 47
15 82
38 81
9 48
26 74
0 15
28 51
29 38
85 92
58 63
23 76
51 73
6 85
27 43
55 67
34 62
8 12
87 89
70 79
1 2
50 70
18 90
45 75
3 77
60 61
40 65
30 65
26 38
35 38
41 84
54 73
44 92
51 71
28 33
34 61
71 72
58 91
29 32
1 55
13 67
57 62
49 74
25 59
45 85
3 9
4 46
15 51
39 42
7 10
74 85
21 31
49 82
18 81
7 42
14 46
0 25
14 84
93 94
13 63
68 92
6 27
17 60
75 78
86 88
70 82
33 43
2 64
37 86
53 62
21 66
23 43
90 95
48 58
11 50
6 8
22 83
44 93
36 63
11 26
0 53
24 76
91 94
23 95
47 52
39 88
69 79
24 80
10 20
15 70
41 59
35 75
72 80
47 64
37 79
5 57
19 77
52 89
30 36
28 87
12 89
1 32
45 56
4 81
17 50
27 69
66 67
48 55
18 40
68 78
19 20
16 56
16 22
31 87
5 76
83 90
9 54
12 29
8 34
2 73
96 288 0
0 0 0 0 0 0 0 0 0 0 0 0 0 0 0 0 0 0 0 0 0 0 0 0 0 0 0 0 0 0 0 0 0 0 0 0 0 0 0 0 0 0 0 0 0 0 0 0 0 0 0 0 0 0 0 0 0 0 0 0 0 0 0 0 0 0 0 0 0 0 0 0 0 0 0 0 0 0 0 0 0 0 0 0 0 0 0 0 0 0 0 0 0 0 0 0
20 35
34 43
18 21
1 2
11 33
39 83
17 67
23 46
54 79
5 31
32 85
26 87
36 40
72 76
6 70
38 66
25 37
47 82
2 5
20 84
11 78
24 89
34 91
18 93
41 73
8 44
71 81
58 72
46 89
7 9
67 77
6 45
13 54
0 63
68 85
56 71
42 69
14 29
48 59
22 90
81 91
7 50
24 38
73 87
74 75
14 76
17 45
13 15
51 83
9 57
0 50
51 64
56 74
68 90
78 80
31 92
59 95
16 43
3 58
30 65
4 82
52 79
3 10
53 69
12 63
26 60
12 33
47 61
19 29
49 62
1 40
23 95
60 84
15 62
32 94
27 30
42 57
75 94
19 53
8 64
10 48
35 55
25 92
22 55
4 88
27 44
52 86
16 28
41 93
21 39
37 65
80 86
49 66
61 88
70 77
28 36
16 72
0 39
54 68
3 8
47 62
21 73
60 63
75 79
59 87
5 46
17 90
2 42
29 49
67 76
57 86
32 50
14 53
36 95
7 29
70 89
4 34
10 23
0 77
33 57
25 95
7 13
33 94
41 88
19 31
27 64
35 38
35 56
9 55
37 62
26 92
2 48
12 15
34 81
41 54
20 86
44 69
25 55
73 74
87 91
16 22
6 76
36 90
85 92
74 80
78 94
1 93
89 91
53 60
26 38
50 64
67 68
12 20
4 83
11 65
8 77
18 81
13 84
23 61
66 85
40 82
9 58
30 49
58 71
19 51
43 52
18 24
27 65
48 80
42 84
70 72
30 56
5 43
51 59
21 83
75 88
69 78
10 14
28 31
39 45
15 40
24 66
6 71
3 61
37 63
11 82
1 52
32 79
28 44
17 47
46 93
22 45
7 22
63 74
59 61
18 46
25 52
52 62
24 50
16 23
39 82
22 49
40 43
44 84
19 64
40 64
20 77
31 70
15 78
34 73
35 68
11 24
45 50
11 36
8 80
10 60
0 5
53 88
31 51
32 81
37 49
30 61
26 42
63 90
60 93
21 33
19 81
43 72
39 79
8 36
27 95
4 77
57 76
9 26
33 54
25 80
16 71
78 92
13 45
12 51
12 84
37 86
56 93
41 92
7 86
67 91
72 79
1 59
3 55
47 89
70 88
44 48
46 55
18 65
6 21
83 91
2 94
17 85
6 90
48 65
66 82
38 89
2 66
23 68
10 29
20 95
30 41
14 75
17 74
28 83
57 73
27 56
3 35
5 71
54 94
1 32
85 87
9 13
29 62
38 87
15 75
28 42
14 58
58 69
34 53
0 76
4 67
47 69
96 288 0
0 0 0 0 0 0 0 0 0 0 0 0 0 0 0 0 0 0 0 0 0 0 0 0 0 0 0 0 0 0 0 0 0 0 0 0 0 0 0 0 0 0 0 0 0 0 0 0 0 0 0 0 0 0 0 0 0 0 0 0 0 0 0 0 0 0 0 0 0 0 0 0 0 0 0 0 0 0 0 0 0 0 0 0 0 0 0 0 0 0 0 0 0 0 0 0
84 86
26 76
50 73
1 2
61 83
41 51
6 35
36 40
1 43
25 49
62 80
0 85
21 53
34 70
87 92
5 95
56 60
67 79
37 72
32 59
82 88
52 55
29 44
22 65
42 69
13 40
28 78
13 57
59 64
38 54
72 74
14 56
18 23
45 48
10 91
3 75
3 34
61 82
19 88
15 73
31 62
63 68
39 52
10 89
84 91
7 21
48 69
24 77
41 63
6 64
9 94
60 90
18 58
8 51
31 39
17 87
33 90
27 57
11 85
4 15
17 36
0 79
26 53
37 46
24 47
11 76
7 12
66 80
70 71
20 93
20 47
5 22
30 77
2 49
54 55
89 95
30 78
71 92
25 81
19 44
58 94
32 83
27 35
16 75
14 67
9 86
33 66
8 28
16 23
42 68
4 43
12 50
38 45
29 65
81 93
46 74
44 50
3 85
3 64
1 49
32 92
55 87
10 76
7 17
4 5
56 59
9 91
30 48
19 77
27 36
37 58
21 84
34 65
51 57
2 40
36 48
85 89
12 87
34 77
15 20
33 38
45 49
23 62
41 52
15 71
12 51
54 71
5 62
28 42
39 69
23 33
29 74
38 66
13 63
37 94
70 94
18 35
44 60
13 31
18 67
16 95
74 91
43 88
43 93
7 42
4 11
58 83
28 90
78 80
9 30
64 67
46 52
83 93
26 40
8 59
19 92
10 53
72 73
25 29
6 61
32 95
21 24
2 86
22 72
47 86
66 68
25 82
17 75
0 31
20 70
1 55
46 54
60 82
8 41
11 63
24 89
50 78
47 79
14 88
35 65
45 57
39 68
61 76
79 84
73 81
16 56
6 53
75 81
0 26
22 90
27 80
14 69
29 77
8 57
62 92
75 82
66 90
11 77
5 58
2 89
26 93
60 74
33 44
42 76
75 94
4 10
63 67
12 21
39 51
34 53
9 49
70 83
32 40
22 24
11 91
50 80
18 48
34 64
10 63
47 65
17 31
61 65
40 60
41 72
41 66
70 82
55 69
15 56
39 95
20 57
85 87
29 78
62 78
1 3
52 73
25 52
4 56
15 36
19 23
81 83
26 88
44 69
45 46
6 84
30 79
28 43
47 88
53 59
24 55
7 32
25 50
38 73
5 81
61 86
43 90
27 42
9 92
38 67
0 72
20 76
48 91
2 16
3 13
6 23
7 35
16 22
13 94
21 49
54 93
28 54
33 36
71 80
37 64
17 37
18 86
31 68
51 87
84 89
46 58
19 68
14 30
12 59
1 95
0 71
14 79
8 85
27 45
35 74
96 288 0
0 0 0 0 0 0 0 0 0 0 0 0 0 0 0 0 0 0 0 0 0 0 0 0 0 0 0 0 0 0 0 0 0 0 0 0 0 0 0 0 0 0 0 0 0 0 0 0 0 0 0 0 0 0 0 0 0 0 0 0 0 0 0 0 0 0 0 0 0 0 0 0 0 0 0 0 0 0 0 0 0 0 0 0 0 0 0 0 0 0 0 0 0 0 0 0
0 64
46 67
62 67
45 84
5 33
8 94
34 81
23 25
22 77
6 83
50 84
36 54
74 78
7 31
0 93
19 32
37 89
6 60
35 86
12 94
20 64
13 19
18 30
20 31
10 14
28 32
22 58
42 76
45 55
1 40
39 79
16 47
17 72
33 71
39 55
44 57
21 49
16 61
27 87
8 74
14 75
3 36
28 69
69 70
23 41
38 66
49 82
52 53
73 95
34 59
65 66
63 86
42 87
30 44
21 88
3 13
10 41
1 56
59 63
46 62
12 48
68 70
27 54
25 90
4 82
29 76
40 53
11 91
2 71
52 56
11 26
9 58
77 79
26 57
2 17
51 81
51 80
15 92
18 38
73 75
24 88
9 90
47 61
29 60
15 85
7 72
5 93
65 68
43 78
4 83
80 95
48 85
50 91
35 37
43 92
24 89
47 59
62 77
13 76
17 78
16 82
61 79
24 93
32 80
67 85
42 51
18 55
5 18
25 69
57 88
64 72
37 83
23 56
26 53
63 82
11 76
72 90
19 73
39 81
2 67
49 87
34 69
7 29
52 95
9 46
22 50
56 63
26 51
1 10
12 49
4 35
27 57
21 59
14 23
70 80
66 84
71 95
38 68
12 40
31 94
54 75
0 17
52 60
2 3
6 44
11 28
41 92
58 90
22 83
48 78
3 19
9 43
68 75
65 71
39 93
66 94
58 61
62 81
43 65
21 77
20 41
10 28
33 36
20 34
55 87
32 89
0 92
5 48
8 15
15 91
7 25
1 54
40 86
42 86
13 24
64 70
50 53
27 84
38 46
30 36
45 88
31 45
47 91
60 74
33 85
4 73
79 89
14 37
6 30
8 35
29 74
16 44
47 48
46 83
10 17
13 41
69 89
31 70
6 75
22 68
9 69
22 91
19 46
18 63
55 93
60 83
8 45
32 35
54 56
26 88
5 57
50 88
53 68
34 63
66 72
11 51
25 30
40 70
20 72
40 61
62 86
6 49
47 79
85 95
2 35
52 80
7 24
1 73
33 74
14 90
66 85
51 76
31 84
8 14
20 24
33 64
19 30
12 36
41 82
75 80
73 92
7 94
36 67
38 91
49 58
21 29
23 44
15 82
37 77
52 87
28 77
48 94
53 59
56 86
15 93
60 71
9 27
4 55
26 64
23 62
16 59
0 28
10 58
4 16
18 95
3 32
1 2
0 45
27 74
3 17
71 92
78 90
54 65
42 43
29 87
5 61
38 79
34 67
43 84
50 81
12 39
39 76
21 25
13 42
37 57
81 89
44 65
11 78
96 288 0
0 0 0 0 0 0 0 0 0 0 0 0 0 0 0 0 0 0 0 0 0 0 0 0 0 0 0 0 0 0 0 0 0 0 0 0 0 0 0 0 0 0 0 0 0 0 0 0 0 0 0 0 0 0 0 0 0 0 0 0 0 0 0 0 0 0 0 0 0 0 0 0 0 0 0 0 0 0 0 0 0 0 0 0 0 0 0 0 0 0 0 0 0 0 0 0
47 71
17 76
33 45
67 75
38 82
18 75
7 62
6 63
13 50
68 88
37 95
16 83
49 69
31 62
14 74
78 90
2 40
28 60
4 56
19 79
39 41
61 77
3 22
28 48
22 74
9 65
26 58
15 80
10 87
57 86
51 94
24 59
59 93
30 92
0 44
53 85
37 54
36 69
26 35
51 52
11 76
43 45
15 41
50 87
13 89
86 89
34 93
42 95
34 54
36 55
21 85
65 72
7 40
33 73
42 94
2 58
11 49
81 91
79 81
29 53
38 43
47 83
19 70
8 78
17 57
18 61
23 71
6 12
1 44
21 39
30 68
23 67
12 46
5 72
5 31
66 90
25 29
14 63
20 56
4 88
3 92
8 55
32 60
24 35
20 84
10 52
66 82
64 80
46 48
9 77
32 84
0 70
25 27
16 27
64 91
1 73
51 89
45 58
0 34
20 46
16 70
33 54
47 67
39 42
32 92
2 36
3 38
66 69
10 55
10 39
44 68
35 49
30 72
65 73
11 45
9 43
59 75
21 71
34 46
12 27
38 68
63 84
50 61
25 78
26 62
48 93
25 70
14 87
23 83
42 86
5 37
50 86
43 49
15 33
21 78
17 31
8 18
22 90
80 95
40 75
56 94
57 79
52 60
88 91
19 62
20 76
40 79
74 90
7 15
29 94
5 85
13 67
17 63
22 81
47 82
87 93
11 65
76 81
30 85
18 88
2 55
1 14
27 82
69 73
83 91
1 35
13 56
6 16
4 57
48 72
77 92
29 80
26 61
7 95
4 41
24 41
36 64
52 84
24 32
23 89
9 19
53 71
12 44
37 59
8 53
0 60
66 77
54 58
51 64
3 6
28 31
28 74
8 71
7 65
23 78
4 61
32 35
80 92
16 42
2 38
9 44
52 76
17 43
51 57
36 62
66 80
53 58
46 60
3 29
24 65
56 82
29 93
28 81
10 74
62 68
79 83
34 66
36 51
54 75
15 59
15 64
1 48
12 49
27 95
33 91
3 81
23 68
55 74
86 94
1 13
71 86
26 45
78 93
67 72
24 47
85 88
11 53
12 70
32 89
19 22
26 72
25 90
92 95
2 18
85 94
14 91
20 61
55 84
30 76
0 5
0 25
37 43
27 56
22 44
7 38
35 87
8 90
5 11
39 63
19 21
21 82
63 69
6 20
87 89
9 37
67 88
4 75
31 59
42 47
18 41
17 58
10 50
64 77
13 33
40 73
40 46
28 39
52 83
73 77
50 79
30 34
54 60
14 16
48 49
70 84
6 57
31 41
45 69
96 288 0
0 0 0 0 0 0 0 0 0 0 0 0 0 0 0 0 0 0 0 0 0 0 0 0 0 0 0 0 0 0 0 0 0 0 0 0 0 0 0 0 0 0 0 0 0 0 0 0 0 0 0 0 0 0 0 0 0 0 0 0 0 0 0 0 0 0 0 0 0 0 0 0 0 0 0 0 0 0 0 0 0 0 0 0 0 0 0 0 0 0 0 0 0 0 0 0
20 58
44 78
0 84
22 69
9 38
28 31
16 31
32 38
50 71
64 89
8 66
13 63
53 82
39 72
16 21
10 73
24 36
42 62
47 80
7 76
45 68
1 26
8 13
34 55
9 53
12 33
46 63
33 83
27 93
14 48
29 81
17 23
75 86
67 92
3 72
1 52
90 91
5 73
27 62
41 47
17 90
49 74
30 44
22 77
35 67
85 94
18 37
19 36
25 87
3 84
58 95
43 60
6 11
23 61
2 24
39 78
19 95
29 77
2 55
4 51
26 30
4 88
79 83
56 70
52 61
11 87
51 89
21 88
45 70
0 71
65 66
37 80
65 68
7 79
12 54
40 49
40 91
35 92
34 48
75 94
18 46
10 64
14 41
5 6
20 76
15 82
59 81
59 86
43 93
42 85
54 60
32 56
28 69
50 74
15 57
25 57
58 80
27 83
28 39
1 48
72 90
56 78
17 88
19 33
12 68
21 32
5 83
53 75
5 94
59 89
2 51
60 80
79 91
33 95
14 30
22 31
76 81
10 40
0 50
44 92
43 68
13 55
61 79
62 86
12 16
34 53
63 76
43 90
42 88
38 71
66 92
15 55
41 50
52 72
13 89
18 85
32 69
10 42
14 94
77 95
8 26
25 51
81 87
11 31
36 71
84 85
64 82
7 15
7 45
66 93
4 20
70 78
22 67
3 17
35 69
6 9
67 70
34 38
16 37
1 24
47 73
6 82
60 63
2 27
30 39
24 74
26 58
73 93
48 49
45 75
64 77
40 57
9 65
28 41
29 87
47 54
21 46
0 56
23 25
18 36
11 65
84 91
19 46
37 57
20 61
8 74
49 86
52 62
3 23
29 35
44 59
4 54
15 45
13 79
2 42
32 54
0 52
25 63
2 22
8 38
3 24
58 82
51 65
69 74
66 80
48 67
28 70
42 86
26 80
1 16
4 87
23 56
36 91
19 28
17 29
9 40
9 94
20 36
1 86
33 57
30 89
14 15
35 76
49 81
10 27
20 59
5 91
34 87
5 49
31 52
35 47
30 60
53 66
51 64
13 83
33 73
43 95
76 84
44 94
11 22
48 77
18 57
18 21
14 21
0 10
24 85
27 46
59 93
54 74
32 39
47 81
16 39
61 68
83 89
55 90
50 92
4 90
37 67
6 19
77 92
65 85
70 71
44 72
40 95
23 68
7 73
6 93
11 88
41 60
50 78
45 55
12 43
3 7
62 71
64 75
8 72
38 56
58 62
34 78
29 88
25 53
63 84
41 69
31 79
12 46
61 75
17 37
26 82
96 288 0
0 0 0 0 0 0 0 0 0 0 0 0 0 0 0 0 0 0 0 0 0 0 0 0 0 0 0 0 0 0 0 0 0 0 0 0 0 0 0 0 0 0 0 0 0 0 0 0 0 0 0 0 0 0 0 0 0 0 0 0 0 0 0 0 0 0 0 0 0 0 0 0 0 0 0 0 0 0 0 0 0 0 0 0 0 0 0 0 0 0 0 0 0 0 0 0
3 94
30 77
34 72
9 32
5 80
17 92
6 91
36 53
39 79
76 95
19 29
40 50
19 21
30 35
59 69
67 85
26 38
12 51
7 93
39 55
52 90
11 90
5 9
0 95
45 55
44 71
54 69
53 56
28 58
27 75
23 59
6 62
68 70
26 86
42 74
37 48
8 21
31 85
4 50
23 44
10 75
41 89
34 49
65 67
63 88
40 87
12 81
15 76
13 25
24 57
42 79
18 35
4 37
1 15
11 47
52 94
28 73
80 88
22 43
68 83
51 92
20 61
8 66
17 84
2 22
31 82
57 82
63 89
48 56
2 25
10 73
20 60
7 33
1 83
3 78
13 18
62 86
14 78
46 61
45 46
81 87
38 54
33 91
71 72
43 77
70 93
64 84
49 65
32 36
16 58
16 24
60 74
0 29
64 66
14 41
27 47
37 52
74 80
14 84
0 34
48 59
23 56
55 67
6 69
17 71
70 88
35 76
58 65
13 29
45 67
4 62
20 90
40 64
15 41
47 72
64 91
53 66
57 72
50 68
25 94
19 75
13 89
14 49
8 18
81 84
32 93
61 71
88 95
2 69
50 62
82 86
10 87
39 43
21 45
19 85
36 39
78 94
17 31
23 36
18 85
22 54
29 77
1 74
21 92
26 77
42 73
11 65
53 75
7 35
7 58
5 87
33 48
40 59
10 30
8 27
9 83
11 12
27 78
24 51
31 49
52 56
0 3
42 47
30 89
6 24
12 76
32 44
1 93
54 92
20 46
73 91
60 81
5 33
22 79
3 34
15 28
4 95
38 55
51 63
70 82
38 41
28 63
60 61
46 57
44 66
25 43
2 16
68 86
37 83
9 16
79 80
26 90
2 76
70 91
12 82
6 38
3 27
75 86
16 22
79 93
54 73
48 94
40 74
1 10
10 88
18 61
36 71
13 50
0 55
3 30
52 72
1 88
58 68
90 92
44 63
24 77
4 57
6 14
11 74
14 79
26 87
13 87
40 51
62 67
36 69
64 89
32 64
7 95
66 78
25 26
65 86
12 45
27 32
33 84
8 19
29 65
8 45
23 29
30 85
7 28
9 92
35 83
31 89
11 39
21 60
22 46
38 69
20 83
41 78
46 81
15 23
28 62
33 80
49 73
2 53
76 77
34 50
35 93
70 95
25 75
5 59
44 68
52 82
15 90
9 17
54 57
60 80
5 48
91 94
39 84
21 58
47 63
18 37
47 71
42 43
42 51
20 81
0 56
66 67
31 41
4 16
17 34
56 72
53 55
49 85
24 37
43 59
19 61
96 288 0
0 0 0 0 0 0 0 0 0 0 0 0 0 0 0 0 0 0 0 0 0 0 0 0 0 0 0 0 0 0 0 0 0 0 0 0 0 0 0 0 0 0 0 0 0 0 0 0 0 0 0 0 0 0 0 0 0 0 0 0 0 0 0 0 0 0 0 0 0 0 0 0 0 0 0 0 0 0 0 0 0 0 0 0 0 0 0 0 0 0 0 0 0 0 0 0
17 57
50 71
76 81
23 53
72 86
3 27
14 50
4 37
73 92
22 62
12 58
2 68
13 40
87 88
66 83
55 57
6 49
1 64
43 44
19 41
19 84
0 68
69 90
25 69
51 60
9 64
9 20
12 33
61 84
60 75
3 45
18 59
44 46
24 62
24 91
17 47
80 94
65 81
28 52
32 59
45 74
11 94
38 91
77 93
30 67
7 51
34 82
26 61
21 27
7 14
11 80
13 21
38 67
20 28
23 82
15 36
54 89
10 42
53 79
1 48
4 70
35 55
15 32
16 63
33 76
41 78
5 26
39 85
85 89
2 73
29 86
40 79
31 56
31 95
72 92
0 66
52 90
30 70
93 95
22 29
48 63
25 47
5 16
56 87
43 78
8 39
54 77
18 88
10 74
58 65
49 83
6 35
34 42
36 75
37 71
8 46
2 42
1 43
35 39
10 80
25 53
70 90
83 95
21 54
75 91
0 12
56 73
18 24
47 71
14 70
37 63
30 48
52 94
4 46
3 65
47 65
28 95
32 77
24 74
3 60
16 72
17 31
19 86
39 41
44 88
82 89
10 58
17 82
33 78
5 81
40 64
20 36
22 92
51 56
85 87
11 87
50 57
29 59
64 79
72 81
66 86
50 52
34 74
8 12
46 79
67 85
45 48
7 11
2 55
66 88
21 25
15 73
27 71
31 38
53 61
6 45
28 63
15 16
13 90
36 69
6 34
54 76
18 69
51 92
20 91
35 68
49 55
4 60
40 75
7 62
26 38
23 43
41 49
30 44
76 80
9 67
27 37
57 61
29 33
58 59
8 23
68 89
9 62
13 93
1 93
26 77
32 84
14 19
0 78
5 84
42 83
22 94
8 61
55 66
6 85
51 76
48 49
0 50
24 68
41 44
38 72
42 67
35 80
31 83
18 74
3 88
10 18
37 75
33 46
63 92
28 29
75 87
36 56
70 72
11 65
58 71
20 78
47 55
5 61
23 58
17 40
74 93
38 70
34 52
31 37
6 94
51 73
7 41
12 26
16 88
12 54
14 26
23 52
16 33
27 43
24 53
10 39
21 69
25 66
19 42
13 45
48 95
59 67
29 30
9 32
3 90
19 22
8 40
4 36
25 79
1 91
11 30
27 85
15 94
81 95
5 92
69 83
57 76
86 89
64 90
4 54
60 79
56 57
1 47
15 77
63 80
73 77
7 86
9 65
53 84
0 22
20 44
2 93
39 82
68 71
45 82
32 62
2 64
28 60
46 59
34 35
49 81
50 78
14 17
21 62
84 91
43 87
13 89
96 288 0
0 0 0 0 0 0 0 0 0 0 0 0 0 0 0 0 0 0 0 0 0 0 0 0 0 0 0 0 0 0 0 0 0 0 0 0 0 0 0 0 0 0 0 0 0 0 0 0 0 0 0 0 0 0 0 0 0 0 0 0 0 0 0 0 0 0 0 0 0 0 0 0 0 0 0 0 0 0 0 0 0 0 0 0 0 0 0 0 0 0 0 0 0 0 0 0
30 44
3 34
18 69
59 61
28 63
49 90
10 43
1 68
80 87
25 49
16 83
43 56
47 82
55 80
30 66
8 40
1 45
3 82
14 76
44 76
18 36
52 61
9 24
20 35
6 92
20 37
7 16
9 91
13 14
23 47
24 89
15 41
40 60
21 50
62 95
0 87
39 73
17 51
8 81
19 92
58 68
65 95
22 56
46 57
26 86
89 93
11 59
53 79
51 88
5 57
54 83
21 75
67 75
6 19
64 65
36 71
33 72
26 64
0 78
11 52
2 84
77 91
29 48
31 93
54 70
22 28
7 60
32 70
12 32
31 73
74 86
4 67
46 62
13 39
78 84
48 69
10 27
29 63
35 77
37 58
79 88
38 45
2 27
4 38
42 94
17 23
72 85
25 42
15 55
50 71
33 85
66 81
5 41
34 74
90 94
12 53
4 43
40 61
39 42
32 38
5 89
29 56
26 74
28 69
46 82
0 48
60 77
53 66
5 14
16 49
12 23
55 57
11 15
19 94
64 91
63 79
41 56
22 24
54 90
19 27
44 61
60 73
17 73
38 58
7 88
21 70
57 70
48 71
3 8
16 21
46 67
22 84
58 80
63 93
25 95
85 88
68 83
65 78
52 80
64 92
10 11
39 59
28 72
26 90
62 94
15 65
6 24
50 91
17 79
9 55
36 67
4 20
36 52
2 62
32 47
13 30
31 51
51 69
0 42
23 86
34 95
47 49
1 54
3 30
78 87
41 72
35 83
44 92
14 93
25 81
18 89
1 10
13 82
29 75
33 66
76 84
6 76
35 86
7 20
31 87
12 18
33 37
9 59
71 77
27 37
2 40
75 85
53 74
34 45
8 50
45 68
43 81
7 66
51 56
45 55
31 56
5 45
22 94
19 79
46 63
16 59
15 18
24 91
4 73
10 82
37 48
17 27
52 58
11 30
6 30
47 50
73 83
3 65
14 67
57 71
82 92
44 67
15 42
23 95
13 62
8 34
12 50
72 81
6 81
12 47
32 77
51 78
55 84
33 70
87 91
54 75
60 80
39 93
37 85
34 44
21 79
77 78
59 88
17 68
1 63
13 84
80 85
23 75
2 71
11 22
3 5
25 48
54 69
36 65
9 20
74 90
9 16
29 66
28 74
41 49
21 26
19 35
8 49
68 92
7 31
1 2
57 94
62 86
0 39
43 76
60 83
0 53
29 35
25 69
40 64
40 46
10 89
26 76
87 95
58 61
24 38
28 90
32 36
41 53
4 89
42 88
61 93
27 33
64 72
43 86
18 52
38 70
14 20
96 288 0
0 0 0 0 0 0 0 0 0 0 0 0 0 0 0 0 0 0 0 0 0 0 0 0 0 0 0 0 0 0 0 0 0 0 0 0 0 0 0 0 0 0 0 0 0 0 0 0 0 0 0 0 0 0 0 0 0 0 0 0 0 0 0 0 0 0 0 0 0 0 0 0 0 0 0 0 0 0 0 0 0 0 0 0 0 0 0 0 0 0 0 0 0 0 0 0
30 69
12 32
13 71
0 63
84 90
46 57
56 66
55 62
36 65
44 82
41 56
77 94
39 81
14 57
76 86
52 64
47 87
58 73
78 88
21 69
31 50
7 60
41 95
30 73
1 32
70 85
23 38
49 64
38 39
40 82
83 87
28 80
29 40
22 48
34 36
26 91
28 68
15 27
16 90
34 53
19 86
17 25
51 72
33 71
3 11
6 14
55 72
74 79
31 80
9 50
2 51
37 42
20 37
4 9
61 75
26 84
21 78
4 59
35 65
35 93
18 67
10 91
43 45
45 75
85 89
59 68
3 88
12 92
13 24
47 63
67 70
5 74
5 42
52 79
46 76
23 81
43 60
15 16
8 44
2 95
6 19
22 24
54 66
27 77
10 61
0 11
7 89
92 93
18 53
33 62
48 54
1 94
20 58
17 83
25 49
8 29
24 48
17 34
10 50
47 79
37 50
13 92
23 74
33 51
48 51
31 76
5 53
22 28
58 64
10 84
23 67
65 80
2 60
49 72
12 78
21 59
3 56
62 82
19 72
30 44
25 31
11 76
2 85
1 63
8 57
1 5
38 79
39 52
24 83
41 74
27 29
32 40
15 66
47 62
25 83
34 45
81 90
14 39
15 95
20 94
3 86
7 52
7 59
46 65
27 68
29 92
42 43
9 38
16 89
22 90
18 80
37 40
30 36
69 77
0 42
55 73
44 60
20 54
12 75
18 93
43 61
82 84
49 87
54 58
33 46
4 6
66 71
88 95
11 36
71 77
16 88
14 70
19 57
26 35
56 81
9 73
6 55
0 35
4 69
17 89
28 93
64 68
75 85
13 21
53 86
32 67
8 87
26 78
45 91
41 91
61 70
63 94
43 62
11 57
3 90
53 68
26 87
73 86
35 71
4 57
2 24
40 72
78 85
66 94
20 60
79 92
16 81
34 84
78 82
13 36
25 51
9 44
5 88
55 83
4 51
19 67
47 95
30 54
14 92
17 22
62 93
48 59
38 48
68 74
6 20
10 11
9 17
25 54
35 50
2 22
7 45
19 30
12 50
29 41
31 49
63 64
42 58
18 33
46 69
33 90
76 80
27 65
67 77
39 70
46 88
86 91
36 93
15 81
23 64
6 7
34 75
44 73
12 94
66 74
39 82
52 59
61 84
15 41
56 60
21 28
27 37
24 61
8 40
0 53
45 63
56 79
1 10
14 91
77 89
26 31
18 21
52 87
23 76
55 71
8 58
29 37
43 75
32 47
80 95
28 32
0 85
69 89
5 13
38 42
16 49
70 72
65 83
1 3
96 288 0
0 0 0 0 0 0 0 0 0 0 0 0 0 0 0 0 0 0 0 0 0 0 0 0 0 0 0 0 0 0 0 0 0 0 0 0 0 0 0 0 0 0 0 0 0 0 0 0 0 0 0 0 0 0 0 0 0 0 0 0 0 0 0 0 0 0 0 0 0 0 0 0 0 0 0 0 0 0 0 0 0 0 0 0 0 0 0 0 0 0 0 0 0 0 0 0
55 64
3 35
55 89
26 56
15 57
9 77
80 94
4 28
61 78
18 85
47 68
0 58
73 93
26 34
20 24
19 47
13 92
53 72
36 56
70 94
15 93
32 80
65 86
29 66
39 70
52 58
46 89
32 44
43 48
41 60
59 83
5 76
1 67
12 33
66 74
30 87
2 91
38 64
9 91
16 25
17 51
8 14
6 30
67 82
18 69
16 50
65 88
62 84
11 33
0 10
11 77
7 31
57 88
44 53
2 25
59 81
31 43
7 60
81 95
14 39
12 76
62 75
42 83
17 71
8 69
21 71
20 45
4 90
46 52
85 87
24 34
29 49
74 82
1 22
19 75
27 61
51 84
45 86
13 40
37 79
22 63
48 54
3 63
40 92
5 6
23 68
35 95
10 72
54 73
28 78
38 90
41 49
21 23
36 79
27 42
37 50
50 82
61 84
21 83
50 62
24 71
23 34
67 83
12 95
64 76
20 21
30 80
15 31
4 44
92 93
36 78
31 59
11 42
45 53
3 78
6 67
11 37
6 70
14 22
90 91
19 33
33 74
39 45
38 39
71 80
77 87
40 53
23 92
32 81
66 77
8 81
34 94
0 12
43 52
26 55
9 64
30 88
10 58
18 59
65 91
86 88
2 94
47 57
46 61
52 89
2 73
25 43
0 73
9 93
16 63
32 86
29 38
36 48
22 79
19 49
26 75
8 44
3 48
27 56
5 41
18 68
14 46
62 76
37 51
1 72
28 72
20 66
1 60
10 69
27 47
56 57
35 40
17 29
17 35
15 68
5 54
42 82
7 75
65 85
7 63
87 89
25 41
60 90
13 79
49 70
4 55
51 85
13 58
69 74
16 95
24 54
28 84
9 63
80 93
59 91
22 31
26 65
24 91
34 77
22 82
5 28
3 47
58 66
20 49
31 73
92 95
0 43
23 63
62 74
42 51
33 42
11 53
28 66
73 90
39 43
30 61
15 79
67 75
15 85
38 46
71 76
37 46
32 60
45 87
24 93
17 78
18 75
27 86
10 39
14 40
33 59
53 62
6 56
38 94
36 84
30 50
58 64
70 80
0 16
8 10
21 37
13 60
23 52
12 65
12 36
51 89
7 27
41 83
32 54
19 87
29 68
1 40
6 69
17 85
44 56
9 35
25 88
77 81
2 72
44 61
4 82
2 64
50 71
3 7
45 90
18 84
69 83
16 55
20 86
11 14
67 76
21 72
25 26
19 34
5 49
41 54
13 88
1 92
48 79
8 57
57 68
4 81
35 47
70 89
29 74
94 95
48 78
52 55
96 288 0
0 0 0 0 0 0 0 0 0 0 0 0 0 0 0 0 0 0 0 0 0 0 0 0 0 0 0 0 0 0 0 0 0 0 0 0 0 0 0 0 0 0 0 0 0 0 0 0 0 0 0 0 0 0 0 0 0 0 0 0 0 0 0 0 0 0 0 0 0 0 0 0 0 0 0 0 0 0 0 0 0 0 0 0 0 0 0 0 0 0 0 0 0 0 0 0
38 49
46 78
41 52
37 90
70 90
64 71
3 45
30 68
27 42
59 92
26 29
21 23
28 72
9 70
0 74
8 12
44 75
76 80
56 65
18 67
11 58
50 73
7 82
39 79
54 88
2 49
57 63
36 43
45 93
20 69
10 94
12 94
14 40
17 95
28 32
11 86
44 50
48 74
42 92
53 89
6 59
37 71
80 83
10 60
22 36
58 91
39 55
8 82
1 76
34 69
32 48
2 27
20 47
22 35
33 55
17 24
51 81
19 87
16 88
34 83
13 73
9 62
65 85
1 89
7 29
72 77
21 31
3 56
46 60
6 30
33 93
52 53
14 25
31 78
15 77
51 84
38 66
41 81
63 75
35 61
5 68
0 57
40 85
19 64
15 79
47 67
18 25
4 54
5 26
43 66
24 91
16 61
87 95
4 84
13 86
23 62
51 55
1 93
17 23
10 48
11 60
73 84
30 35
16 21
8 79
2 48
46 70
15 76
44 88
36 92
50 56
44 65
6 34
72 81
66 72
28 55
13 95
40 62
38 64
33 49
82 95
8 22
68 78
9 61
33 47
27 90
32 41
5 40
17 50
12 53
86 92
58 71
58 84
4 75
1 22
43 60
43 73
26 47
16 59
49 83
23 56
3 62
42 71
12 74
63 76
78 85
18 45
35 68
77 85
10 79
9 20
18 42
20 61
24 90
15 45
25 75
25 59
11 19
64 74
5 14
14 24
37 63
32 38
39 53
3 83
37 67
52 57
51 87
0 27
69 70
31 80
13 31
54 91
54 81
41 88
7 30
39 87
36 89
19 66
57 86
34 67
21 93
4 69
82 91
0 94
29 65
29 89
2 80
6 77
28 52
7 26
46 94
34 82
0 23
24 52
58 94
32 75
44 95
2 73
21 91
12 46
2 61
13 79
84 88
85 86
25 30
9 58
18 64
48 77
35 39
17 44
48 66
10 83
16 49
14 87
40 70
69 93
50 54
36 37
28 68
11 45
19 34
32 68
62 70
1 60
51 60
8 15
47 75
13 69
21 24
22 92
3 80
31 51
54 93
67 87
15 33
29 53
36 85
6 43
42 81
41 61
38 73
39 89
27 56
25 80
20 52
14 45
94 95
7 71
31 38
56 57
17 49
65 79
1 8
22 65
4 9
26 59
29 72
10 16
27 91
82 86
55 88
53 62
41 46
35 64
37 43
12 30
0 7
66 67
76 84
5 47
19 20
55 57
3 71
63 77
33 89
28 59
72 83
5 11
90 92
23 26
18 40
50 63
78 81
42 74
74 90
6 76
4 78
96 288 0
0 0 0 0 0 0 0 0 0 0 0 0 0 0 0 0 0 0 0 0 0 0 0 0 0 0 0 0 0 0 0 0 0 0 0 0 0 0 0 0 0 0 0 0 0 0 0 0 0 0 0 0 0 0 0 0 0 0 0 0 0 0 0 0 0 0 0 0 0 0 0 0 0 0 0 0 0 0 0 0 0 0 0 0 0 0 0 0 0 0 0 0 0 0 0 0
22 94
38 43
20 72
58 68
32 57
14 56
2 42
60 94
45 84
20 35
12 40
36 40
27 29
11 32
25 82
41 52
4 48
30 95
5 51
24 86
10 91
7 19
51 65
34 74
46 89
60 66
75 84
5 7
18 59
27 78
37 78
39 55
46 77
17 39
80 81
67 85
12 16
19 26
3 54
18 49
28 57
63 68
52 73
6 36
0 15
67 93
8 53
91 92
21 70
9 49
24 63
4 95
37 87
31 79
11 23
10 41
30 88
28 69
33 80
66 88
44 69
29 90
34 92
13 47
58 74
62 87
56 85
3 71
6 83
17 65
42 81
64 75
72 89
33 61
14 76
47 76
15 21
43 82
38 70
0 2
62 93
16 50
25 61
86 90
50 77
54 79
8 83
31 35
26 73
1 45
1 55
9 59
13 23
53 71
22 48
44 64
2 13
27 76
26 60
86 87
3 23
1 70
76 81
17 61
37 74
44 67
38 44
61 92
24 51
54 91
20 48
49 75
6 30
5 73
54 89
29 85
38 77
58 59
32 49
52 94
15 27
4 8
8 63
88 95
85 87
55 95
41 69
2 31
28 81
4 45
42 74
21 34
69 78
9 22
33 66
3 5
18 71
37 90
19 40
10 68
6 11
12 64
57 84
21 47
72 73
42 65
9 75
48 51
13 62
60 72
52 55
70 92
0 56
24 67
22 43
33 34
40 46
39 84
7 46
14 59
19 25
50 88
80 93
12 23
10 79
65 68
29 66
25 58
47 50
79 82
35 82
26 83
36 64
18 90
39 71
17 45
41 78
31 53
28 62
15 20
43 56
16 83
35 94
11 14
53 80
1 57
7 86
63 77
30 91
0 36
16 89
32 93
17 19
17 90
55 81
2 26
8 68
41 72
63 93
49 87
35 75
52 84
50 64
23 83
10 61
7 22
12 18
5 87
19 51
9 31
45 85
14 78
48 59
76 94
68 80
42 79
30 32
47 78
64 77
15 24
35 41
5 21
43 88
56 74
66 70
1 89
23 82
57 67
59 95
58 94
39 95
46 80
4 73
7 53
3 69
36 84
25 88
40 71
38 46
3 73
13 37
43 54
61 82
77 91
18 75
1 56
2 63
6 47
11 48
57 92
6 28
14 45
24 72
27 52
16 20
49 81
12 15
65 86
11 13
58 71
29 33
29 34
16 74
0 9
28 42
31 60
0 62
4 30
40 50
44 54
26 27
55 83
8 44
37 70
60 85
10 32
62 69
34 91
38 86
51 90
39 65
76 79
22 66
21 67
53 89
36 92
25 33
20 93
96 288 0
0 0 0 0 0 0 0 0 0 0 0 0 0 0 0 0 0 0 0 0 0 0 0 0 0 0 0 0 0 0 0 0 0 0 0 0 0 0 0 0 0 0 0 0 0 0 0 0 0 0 0 0 0 0 0 0 0 0 0 0 0 0 0 0 0 0 0 0 0 0 0 0 0 0 0 0 0 0 0 0 0 0 0 0 0 0 0 0 0 0 0 0 0 0 0 0
8 74
8 83
21 65
26 88
49 86
9 42
11 44
38 81
5 70
23 64
14 91
1 86
55 77
1 58
40 79
45 90
12 71
9 57
31 35
36 53
34 84
21 46
32 33
74 83
84 95
22 46
4 20
28 35
30 48
41 92
41 60
7 60
56 68
47 69
63 87
0 72
52 80
22 91
2 70
64 94
69 89
39 44
39 72
7 71
30 42
15 65
90 93
43 85
49 76
31 75
6 10
13 17
16 36
57 68
5 52
73 78
15 54
11 13
40 51
25 34
4 23
67 79
24 62
6 75
37 88
20 51
0 17
18 93
48 82
56 87
50 59
28 66
37 94
80 95
3 73
16 43
33 85
61 62
59 76
14 27
12 63
82 89
10 26
18 29
19 67
25 29
54 92
24 81
32 45
3 55
2 61
58 66
38 53
47 78
27 50
19 77
32 42
18 56
18 54
48 54
26 75
70 86
3 64
9 85
35 70
8 25
27 48
30 76
10 49
36 95
28 30
50 76
0 43
34 93
12 42
46 93
78 95
11 66
13 19
58 81
15 85
29 47
35 69
11 33
44 50
31 79
21 88
0 89
17 59
40 83
57 90
72 80
5 14
1 12
5 53
59 71
23 39
36 94
60 64
2 84
61 67
65 69
6 94
68 71
53 72
37 51
91 92
60 86
75 92
7 77
6 89
62 91
46 55
68 74
1 73
9 38
16 83
45 87
52 74
16 77
4 41
26 31
21 24
3 62
13 20
63 90
65 82
29 52
41 87
56 79
24 32
23 73
2 7
51 81
34 47
4 14
43 55
20 82
25 27
28 88
17 33
38 61
37 78
45 66
39 80
15 63
19 58
22 44
10 67
22 84
8 40
49 57
26 94
6 53
37 56
90 95
73 79
27 42
13 77
9 33
27 80
60 63
33 66
17 46
46 74
10 18
20 38
0 21
45 71
12 89
61 77
42 57
4 24
1 9
55 73
1 49
41 78
2 51
39 74
13 71
32 38
3 86
3 45
15 31
12 82
54 80
17 47
22 59
37 82
29 85
66 84
7 14
69 87
72 75
91 94
11 64
8 65
14 67
26 44
24 90
4 31
18 78
25 79
8 36
72 93
40 47
44 58
36 50
21 92
5 55
40 70
52 64
35 62
83 92
16 49
19 81
6 85
43 67
43 68
22 54
51 59
65 91
19 34
41 62
87 95
23 56
32 75
30 83
20 88
25 88
57 93
7 58
2 29
52 81
68 70
39 48
76 89
5 30
63 76
48 53
11 16
10 61
28 50
0 28
23 69
84 86
15 35
34 60
96 288 0
0 0 0 0 0 0 0 0 0 0 0 0 0 0 0 0 0 0 0 0 0 0 0 0 0 0 0 0 0 0 0 0 0 0 0 0 0 0 0 0 0 0 0 0 0 0 0 0 0 0 0 0 0 0 0 0 0 0 0 0 0 0 0 0 0 0 0 0 0 0 0 0 0 0 0 0 0 0 0 0 0 0 0 0 0 0 0 0 0 0 0 0 0 0 0 0
32 75
31 53
56 92
8 87
68 84
44 47
49 92
27 94
36 57
10 20
21 34
21 73
32 91
71 80
59 64
12 45
50 95
13 54
60 83
49 82
9 72
52 78
28 65
31 54
43 61
17 35
28 40
37 58
70 88
3 38
16 42
55 58
8 39
12 73
82 89
26 75
0 14
2 29
4 9
6 25
23 84
15 55
41 79
50 79
51 83
44 90
40 68
16 19
20 30
18 77
22 95
51 85
34 47
62 70
11 14
24 26
25 45
4 76
5 77
1 19
30 94
13 69
52 86
7 76
67 90
35 78
62 91
46 60
69 85
15 81
81 88
18 48
2 42
7 27
23 24
74 87
89 93
10 63
1 57
36 46
41 86
3 43
67 93
64 66
37 39
17 65
38 71
56 66
29 48
53 74
33 59
6 63
0 5
22 33
11 80
61 72
46 72
12 57
26 83
15 60
52 88
41 73
23 74
10 33
37 95
61 63
10 51
18 59
38 87
44 66
2 64
76 91
23 69
19 34
27 43
65 79
27 82
53 94
4 64
0 16
49 71
21 35
21 36
24 51
40 76
42 59
61 90
1 11
22 70
17 43
53 78
39 54
30 31
3 48
31 81
13 90
78 88
68 75
47 80
25 86
85 92
5 93
58 74
1 79
4 94
5 67
14 75
42 55
36 72
8 48
18 89
20 80
29 32
39 82
9 71
35 50
26 47
44 77
46 50
20 56
70 83
0 84
62 86
81 95
8 45
55 85
25 29
56 84
65 67
37 40
12 22
17 87
38 92
19 54
28 58
2 14
28 91
11 52
15 32
62 69
7 24
41 93
6 7
34 89
6 73
3 30
9 57
13 63
16 49
60 77
33 66
45 68
23 92
75 85
18 41
3 24
9 67
29 57
1 2
10 74
3 21
16 83
46 52
78 87
29 76
34 56
25 47
38 60
21 44
5 8
22 28
7 20
4 27
59 65
45 84
0 44
30 82
49 88
37 91
33 68
13 83
49 66
8 18
17 62
61 68
42 70
57 60
26 50
63 76
12 70
38 43
43 95
24 53
39 80
36 71
25 52
22 40
0 41
13 61
11 50
12 56
11 78
27 31
48 58
54 85
1 36
47 77
20 86
80 88
5 63
67 71
10 19
9 30
7 37
4 31
51 95
32 35
59 89
33 94
2 23
19 39
66 73
81 92
6 87
79 94
15 84
58 62
35 64
55 93
51 93
15 40
32 69
72 75
64 73
14 54
79 86
46 69
77 91
26 55
53 65
28 34
45 90
81 82
17 42
14 74
48 90
6 89
16 72
96 288 0
0 0 0 0 0 0 0 0 0 0 0 0 0 0 0 0 0 0 0 0 0 0 0 0 0 0 0 0 0 0 0 0 0 0 0 0 0 0 0 0 0 0 0 0 0 0 0 0 0 0 0 0 0 0 0 0 0 0 0 0 0 0 0 0 0 0 0 0 0 0 0 0 0 0 0 0 0 0 0 0 0 0 0 0 0 0 0 0 0 0 0 0 0 0 0 0
5 55
0 19
56 75
41 75
89 94
25 85
20 62
64 74
55 78
41 68
33 35
14 23
30 46
10 26
26 29
46 61
44 73
24 56
31 52
79 80
3 54
32 87
17 40
40 65
12 82
31 34
42 57
2 45
48 81
58 92
21 68
16 73
38 93
72 95
30 74
12 53
5 70
83 90
45 50
23 67
13 59
4 39
27 83
35 58
39 62
6 9
13 22
1 22
18 91
20 71
0 43
85 87
21 36
4 88
1 47
43 57
8 42
29 69
33 49
16 72
25 34
6 51
28 32
8 19
60 63
11 84
61 93
38 60
80 95
49 91
37 48
66 89
36 77
51 67
3 76
7 76
14 52
90 92
17 24
50 86
69 81
53 82
9 15
7 11
2 59
66 77
79 86
18 94
47 70
10 15
54 63
28 71
78 88
27 44
37 84
64 65
17 36
13 25
26 64
12 32
77 95
49 85
27 35
0 91
52 54
43 59
20 88
51 95
71 79
2 60
5 52
56 86
8 39
29 73
10 28
25 77
21 24
19 40
5 94
41 81
53 54
0 58
47 89
26 63
22 92
38 70
11 14
27 75
34 58
9 73
42 78
1 76
17 79
10 48
16 67
15 72
36 57
22 65
18 93
60 66
15 67
2 31
40 92
46 87
19 65
30 63
9 55
4 29
21 87
16 23
35 62
41 85
82 93
14 81
68 71
37 57
44 61
8 45
37 46
33 61
50 64
50 84
69 83
62 89
66 76
74 82
6 32
59 86
1 18
7 51
34 83
43 80
24 28
13 56
55 75
42 44
20 69
88 91
3 6
39 47
12 90
68 72
38 49
74 84
53 70
31 90
23 94
7 80
30 45
33 78
4 48
3 11
33 54
31 65
64 80
3 52
39 87
1 95
2 4
86 90
63 84
19 77
14 42
30 59
60 91
67 82
48 61
55 81
49 89
79 87
21 76
37 93
10 75
13 28
21 66
75 94
11 94
53 79
35 45
20 34
57 78
27 42
9 46
8 51
63 65
22 61
17 69
24 30
23 56
69 88
6 56
29 39
10 36
18 26
38 40
43 50
13 32
16 40
53 68
46 62
22 67
9 66
3 36
47 55
12 24
38 91
52 85
15 26
8 72
7 34
16 47
35 77
73 95
44 45
4 70
33 41
29 68
2 70
60 83
6 54
58 88
18 19
1 25
74 92
59 81
25 71
49 64
12 93
73 83
28 84
50 89
11 62
41 76
0 27
43 78
7 72
31 71
32 37
20 86
5 17
14 44
80 92
58 90
15 82
23 57
48 85
51 74
0 5
96 288 0
0 0 0 0 0 0 0 0 0 0 0 0 0 0 0 0 0 0 0 0 0 0 0 0 0 0 0 0 0 0 0 0 0 0 0 0 0 0 0 0 0 0 0 0 0 0 0 0 0 0 0 0 0 0 0 0 0 0 0 0 0 0 0 0 0 0 0 0 0 0 0 0 0 0 0 0 0 0 0 0 0 0 0 0 0 0 0 0 0 0 0 0 0 0 0 0
57 63
54 68
78 84
1 41
37 58
37 92
1 43
6 26
22 80
19 38
10 25
34 94
82 85
13 59
14 30
14 42
4 89
28 89
51 88
60 70
3 39
46 90
74 92
40 77
8 35
0 85
9 81
53 69
62 86
23 27
30 49
5 73
18 91
20 65
5 36
12 48
16 73
7 50
55 75
62 76
54 78
17 31
65 71
17 64
2 21
29 75
44 47
11 33
31 72
27 82
48 83
28 51
15 36
11 57
52 64
67 91
38 46
49 56
12 93
15 23
10 94
50 79
32 55
8 21
32 83
20 87
6 95
63 79
33 40
66 86
26 88
34 52
61 93
0 53
69 90
18 39
24 66
71 80
45 67
3 72
41 70
9 43
22 45
4 24
25 76
16 68
19 84
13 77
74 81
56 95
58 61
42 60
29 87
35 59
7 44
2 47
7 61
23 53
31 78
35 51
41 44
18 62
24 42
53 54
10 66
20 24
46 55
44 72
18 28
29 50
7 17
8 34
66 92
50 89
40 64
27 90
49 63
63 87
19 68
22 39
2 84
32 77
13 58
45 93
13 76
5 37
8 75
69 81
12 69
1 16
30 83
0 26
37 77
58 72
54 70
57 92
88 91
65 78
47 79
59 85
12 45
47 67
25 46
27 61
4 55
22 95
15 56
14 80
10 48
34 82
11 71
52 86
20 42
6 87
76 94
28 95
5 89
26 70
3 90
43 65
29 33
11 60
33 71
0 40
38 74
9 57
21 36
15 39
62 83
3 17
56 79
30 74
41 94
36 84
1 38
43 52
31 64
16 35
51 81
2 49
6 48
85 93
19 82
23 32
68 73
4 86
14 21
59 75
9 25
60 91
67 73
80 88
81 91
8 12
15 80
26 47
3 30
50 78
49 65
69 75
69 82
50 58
27 32
38 64
1 93
61 68
19 49
11 59
10 67
9 19
6 61
45 76
53 94
17 26
87 90
13 46
86 88
14 34
58 83
29 60
20 22
8 77
59 79
17 75
23 52
28 31
33 39
18 79
42 63
5 62
41 56
25 36
25 30
48 90
24 77
85 95
11 37
22 53
36 94
4 68
57 60
55 80
40 43
45 85
21 86
35 71
54 76
74 84
31 54
13 70
6 74
44 87
46 84
16 48
15 18
3 93
56 89
39 43
33 35
63 92
55 72
29 83
7 66
12 51
0 28
24 57
41 72
9 40
20 44
52 88
14 23
0 10
32 47
71 95
16 82
1 78
5 27
7 89
34 64
70 92
73 91
2 4
42 62
65 81
66 73
37 67
2 51
21 38
96 288 0
0 0 0 0 0 0 0 0 0 0 0 0 0 0 0 0 0 0 0 0 0 0 0 0 0 0 0 0 0 0 0 0 0 0 0 0 0 0 0 0 0 0 0 0 0 0 0 0 0 0 0 0 0 0 0 0 0 0 0 0 0 0 0 0 0 0 0 0 0 0 0 0 0 0 0 0 0 0 0 0 0 0 0 0 0 0 0 0 0 0 0 0 0 0 0 0
31 45
47 78
61 68
34 37
66 93
59 68
44 55
35 88
3 31
76 91
3 93
14 20
27 94
48 66
43 76
57 86
18 36
20 81
9 89
15 64
39 60
72 83
8 79
24 81
2 38
10 27
2 33
61 90
57 64
0 21
17 58
4 77
30 46
77 80
7 47
55 79
69 84
13 78
49 56
4 5
16 82
6 36
46 82
72 95
33 53
29 73
40 85
9 80
41 60
43 74
15 26
14 25
12 62
26 58
12 52
62 75
50 51
49 59
56 69
1 52
17 18
37 63
34 44
32 71
21 22
42 48
42 71
75 83
1 95
13 16
11 41
30 91
65 87
10 73
19 70
45 70
67 84
63 90
54 67
28 92
25 39
22 87
24 53
32 74
5 50
29 94
23 51
85 86
8 54
23 89
6 38
0 19
40 88
7 65
11 92
28 35
75 84
80 94
27 79
55 78
31 56
6 72
44 73
21 83
36 92
3 77
16 89
1 39
18 34
38 45
7 90
56 94
51 53
2 29
33 50
5 27
46 90
24 51
75 81
10 17
24 68
69 82
3 8
47 74
23 33
19 43
16 49
47 88
46 48
9 25
71 76
13 69
14 39
21 40
17 60
70 73
12 92
22 64
37 71
26 62
23 80
4 36
18 93
35 70
6 76
34 77
29 62
67 93
15 65
58 82
5 67
2 15
63 91
52 81
48 87
9 35
19 95
41 66
66 68
22 52
86 91
28 41
13 25
31 74
32 78
42 44
8 95
20 58
37 54
12 30
43 50
55 72
53 57
11 42
11 60
38 64
57 61
0 59
61 63
10 84
28 86
14 32
20 89
54 87
40 79
1 30
49 85
4 26
59 85
0 83
7 88
45 65
26 47
3 28
16 95
25 89
37 43
38 73
11 86
18 38
33 39
33 66
30 63
65 82
13 58
0 27
32 46
4 79
27 88
55 65
5 35
9 41
18 39
62 70
5 26
3 87
53 54
1 4
11 17
56 64
15 44
30 51
71 86
58 92
2 84
43 91
49 90
35 66
45 53
1 12
42 67
51 71
20 83
61 85
14 92
31 59
23 78
74 93
15 48
34 49
0 45
60 68
10 21
24 82
23 69
6 84
64 83
22 40
8 48
10 50
28 54
76 94
2 94
76 80
90 93
36 61
55 77
20 34
19 74
46 89
79 85
25 41
19 57
7 70
14 68
73 88
7 62
12 29
56 59
8 44
29 75
57 63
6 95
52 67
24 40
17 80
9 60
37 52
16 77
50 81
31 36
75 91
13 22
32 42
21 78
72 81
69 72
47 87
96 288 0
0 0 0 0 0 0 0 0 0 0 0 0 0 0 0 0 0 0 0 0 0 0 0 0 0 0 0 0 0 0 0 0 0 0 0 0 0 0 0 0 0 0 0 0 0 0 0 0 0 0 0 0 0 0 0 0 0 0 0 0 0 0 0 0 0 0 0 0 0 0 0 0 0 0 0 0 0 0 0 0 0 0 0 0 0 0 0 0 0 0 0 0 0 0 0 0
30 79
10 21
22 83
0 62
18 33
15 28
31 35
75 84
31 64
11 25
49 88
28 42
27 56
14 61
36 85
0 87
5 42
24 25
17 86
9 78
11 75
24 90
19 38
55 76
47 81
6 12
40 43
40 53
4 12
88 91
77 95
62 95
44 83
15 70
17 53
57 69
36 47
45 66
2 32
1 60
37 80
68 90
35 94
60 73
48 82
74 82
32 67
67 92
10 58
54 84
21 29
1 45
16 59
38 80
64 87
34 77
7 19
6 59
18 69
9 71
63 79
23 39
68 78
61 89
52 81
52 85
30 65
37 54
27 63
43 51
39 50
55 57
2 13
7 86
41 70
13 23
46 66
46 91
26 34
65 72
33 93
49 93
4 73
8 89
14 29
41 44
26 51
50 56
22 74
71 76
3 92
3 48
5 20
8 72
20 58
16 94
66 92
15 61
29 66
7 80
46 57
25 85
32 57
35 37
65 89
12 69
3 14
44 73
58 73
3 72
47 89
5 37
31 88
28 29
21 71
11 22
67 91
41 83
30 64
28 38
42 59
18 70
33 62
14 49
78 79
63 93
36 79
21 22
51 84
13 70
19 53
64 94
5 55
56 82
93 94
38 52
35 95
26 95
91 92
9 12
27 51
23 83
17 54
34 90
9 41
7 82
20 60
27 69
47 77
55 75
0 74
2 10
10 60
6 58
61 74
1 68
53 86
1 84
6 76
42 63
8 40
4 36
43 62
18 80
56 68
19 26
52 86
15 46
72 76
17 33
39 43
32 49
16 71
20 25
39 81
34 50
0 75
40 88
67 81
23 30
13 90
16 87
4 31
2 65
24 85
8 44
48 59
11 87
45 77
48 50
45 54
24 78
0 53
45 72
19 50
9 66
23 70
20 56
73 75
41 51
2 66
7 17
24 55
14 44
11 57
79 83
59 94
22 34
18 48
86 87
74 87
50 57
6 91
25 42
34 82
1 35
8 9
10 13
54 83
27 62
39 51
19 76
48 77
29 77
40 95
25 78
33 49
31 56
28 71
35 47
5 33
7 38
68 88
10 30
58 79
20 28
32 70
16 29
80 93
30 43
75 92
24 36
11 43
16 21
67 84
26 94
13 88
22 45
41 89
42 62
5 67
18 73
0 1
4 85
15 53
27 52
37 60
14 60
12 81
44 61
32 89
12 21
82 92
46 64
38 95
6 69
8 64
65 81
37 86
47 85
17 63
2 46
31 54
23 58
26 74
72 91
90 93
3 4
36 52
68 69
40 76
78 90
61 84
39 63
55 71
3 15
59 65
49 80
96 288 0
0 0 0 0 0 0 0 0 0 0 0 0 0 0 0 0 0 0 0 0 0 0 0 0 0 0 0 0 0 0 0 0 0 0 0 0 0 0 0 0 0 0 0 0 0 0 0 0 0 0 0 0 0 0 0 0 0 0 0 0 0 0 0 0 0 0 0 0 0 0 0 0 0 0 0 0 0 0 0 0 0 0 0 0 0 0 0 0 0 0 0 0 0 0 0 0
2 15
71 93
0 86
17 53
52 70
3 78
64 86
17 28
56 58
5 57
30 88
68 93
48 87
16 89
23 25
75 94
45 67
59 82
67 74
4 84
20 63
40 50
29 92
4 91
14 63
14 76
0 69
53 75
68 90
37 47
66 73
43 83
18 72
65 71
32 39
21 45
6 80
16 58
6 77
29 42
10 80
13 61
13 50
11 41
48 92
1 49
7 51
11 12
22 87
21 65
49 88
37 60
38 56
15 62
55 64
42 84
12 44
26 39
26 31
25 33
8 35
24 74
23 69
28 83
22 41
10 36
38 85
8 19
2 59
60 79
52 95
36 77
5 35
18 95
40 55
57 90
27 51
19 72
9 34
33 73
9 54
7 20
61 66
27 32
46 81
24 85
44 94
1 31
34 43
54 76
3 91
70 81
47 78
62 82
46 79
30 89
16 95
58 66
11 27
50 82
8 79
36 44
0 39
48 53
2 29
17 43
12 40
23 85
45 63
55 73
31 80
62 90
7 34
59 79
45 75
14 23
56 87
46 68
10 89
5 64
24 92
10 25
18 88
7 77
37 50
3 20
49 82
32 75
37 57
74 77
52 80
51 67
4 58
31 32
14 15
6 62
28 29
19 70
26 71
30 42
46 72
59 68
41 84
15 84
28 65
76 78
35 76
33 67
5 61
57 92
11 42
8 71
6 38
26 49
22 61
81 85
27 60
13 87
25 35
20 93
22 60
13 86
16 54
1 3
66 83
18 19
47 52
36 94
34 69
30 39
54 95
24 41
4 83
89 91
44 55
64 91
17 38
9 40
0 88
9 47
1 72
56 69
2 33
21 48
43 93
78 86
65 94
12 73
21 53
63 70
81 90
51 74
7 70
59 75
19 64
27 37
4 16
38 50
2 30
80 81
46 74
1 53
32 55
13 91
61 89
3 81
79 83
11 65
21 35
14 36
11 88
58 76
21 69
7 9
29 78
49 71
33 75
42 50
62 68
30 38
45 74
23 90
24 44
22 32
80 93
2 60
25 92
47 69
4 76
12 37
22 33
17 88
55 56
56 73
66 82
57 71
20 91
6 15
15 52
89 93
10 39
39 66
41 94
53 64
28 58
86 87
3 63
61 63
46 52
19 62
17 49
31 35
6 41
18 25
36 40
5 24
1 79
16 83
72 82
40 85
54 72
47 70
8 9
14 94
45 59
0 67
0 43
5 51
23 26
26 92
48 60
13 20
85 86
57 73
8 95
10 54
84 95
42 68
34 78
65 77
18 77
84 90
12 34
29 48
44 51
31 87
28 43
27 67
96 288 0
0 0 0 0 0 0 0 0 0 0 0 0 0 0 0 0 0 0 0 0 0 0 0 0 0 0 0 0 0 0 0 0 0 0 0 0 0 0 0 0 0 0 0 0 0 0 0 0 0 0 0 0 0 0 0 0 0 0 0 0 0 0 0 0 0 0 0 0 0 0 0 0 0 0 0 0 0 0 0 0 0 0 0 0 0 0 0 0 0 0 0 0 0 0 0 0
88 92
0 2
12 28
18 68
43 87
10 56
48 67
34 89
8 62
6 42
17 29
29 71
5 80
42 59
65 81
49 95
22 47
3 74
71 86
51 57
4 16
20 33
9 32
11 28
50 70
25 61
44 52
79 80
34 66
75 76
14 66
36 69
54 91
53 79
21 41
13 94
45 46
14 27
10 77
74 93
40 45
3 91
1 72
7 70
27 58
39 60
22 90
37 50
24 85
46 49
35 55
26 88
47 73
9 38
4 18
41 81
0 55
7 89
64 83
82 95
52 59
51 63
60 93
33 73
15 19
40 62
24 48
23 84
23 86
19 85
8 63
11 21
20 37
77 90
12 75
67 76
65 82
43 72
2 30
39 44
35 61
6 32
31 38
17 25
30 78
56 58
69 78
54 57
36 87
13 15
53 64
84 92
5 26
1 83
16 31
68 94
20 57
23 62
9 50
48 77
45 89
57 59
24 72
49 85
5 42
38 74
28 34
22 83
14 53
21 47
76 87
41 62
7 64
53 81
21 76
13 20
30 94
12 94
25 95
13 87
43 60
26 79
42 93
2 92
36 80
3 67
12 18
1 86
59 61
64 75
16 66
32 84
83 88
58 75
8 70
65 88
51 91
38 82
33 49
33 55
26 45
35 51
46 73
35 85
19 39
27 66
31 69
25 48
11 60
14 19
56 78
71 84
54 72
2 4
5 9
52 58
32 89
37 91
10 71
74 86
17 67
23 82
4 30
3 18
44 80
0 15
56 90
63 79
63 78
29 68
22 29
16 50
52 70
44 61
0 54
10 40
31 40
65 69
27 90
6 36
28 46
17 47
6 11
8 92
15 81
68 77
7 24
1 41
43 73
34 37
39 93
55 95
66 72
18 74
65 68
27 74
42 56
90 91
11 52
48 80
10 34
44 87
12 37
15 88
5 53
4 7
30 73
53 88
37 70
2 6
62 65
43 56
11 18
3 70
69 89
21 51
9 13
19 78
16 35
31 61
9 40
0 31
10 36
33 57
76 95
0 34
22 44
39 95
22 51
17 59
16 79
33 69
4 93
32 45
2 14
87 91
76 78
55 77
32 82
12 25
17 86
6 61
20 50
23 60
46 83
46 93
42 49
13 41
1 58
38 72
43 62
23 29
36 83
60 73
1 52
41 85
5 15
45 92
29 55
24 28
30 35
20 21
26 94
19 26
77 81
3 27
64 67
8 58
24 71
59 75
8 84
54 63
39 86
47 82
40 89
64 79
47 54
28 49
57 94
50 84
14 92
66 81
48 68
38 80
67 71
63 85
25 75
7 90
96 288 0
0 0 0 0 0 0 0 0 0 0 0 0 0 0 0 0 0 0 0 0 0 0 0 0 0 0 0 0 0 0 0 0 0 0 0 0 0 0 0 0 0 0 0 0 0 0 0 0 0 0 0 0 0 0 0 0 0 0 0 0 0 0 0 0 0 0 0 0 0 0 0 0 0 0 0 0 0 0 0 0 0 0 0 0 0 0 0 0 0 0 0 0 0 0 0 0
6 18
54 76
64 74
66 92
34 79
41 80
36 84
16 29
11 49
21 88
15 25
61 83
71 86
4 64
9 62
37 86
40 94
39 50
17 20
32 52
11 26
22 44
26 82
18 45
48 75
2 42
65 93
73 77
81 87
23 49
19 41
44 45
8 91
52 94
33 67
35 81
2 28
89 95
79 95
1 80
21 36
51 75
12 57
7 33
48 58
34 56
3 39
3 87
13 15
4 31
82 83
32 63
59 78
19 25
10 70
31 38
14 30
7 12
67 78
55 90
58 93
47 72
47 54
55 74
0 24
43 50
5 16
17 28
57 85
13 76
27 91
0 66
43 85
61 73
22 70
9 30
53 92
24 59
40 68
46 53
72 88
20 27
8 37
51 71
1 84
46 90
6 60
69 89
29 68
38 65
5 60
23 42
35 77
62 63
14 56
10 69
85 94
53 90
24 94
63 88
82 84
5 58
10 81
30 43
51 54
8 16
61 74
0 93
8 49
26 43
42 75
59 66
24 66
50 54
71 77
40 76
40 95
34 87
7 11
7 90
57 72
9 45
0 22
61 91
49 63
50 80
13 52
28 35
62 79
28 64
37 68
3 21
32 93
2 55
42 58
4 41
10 91
47 69
16 33
68 80
4 47
31 46
13 26
74 81
15 71
34 35
65 86
2 64
38 52
84 89
25 89
55 92
51 77
12 14
20 25
31 60
30 83
53 88
14 67
9 19
3 6
15 19
33 76
44 85
41 60
44 78
1 18
62 73
29 39
36 56
12 65
23 37
20 59
39 56
36 46
32 72
23 27
22 78
45 70
11 69
73 79
57 83
29 87
18 48
1 67
6 17
17 27
70 75
38 86
21 82
5 95
48 92
33 58
53 78
35 58
0 86
9 83
7 10
20 75
14 25
22 26
64 70
70 86
38 95
34 42
56 91
79 92
27 43
63 74
52 92
3 95
10 33
51 88
64 88
66 67
61 71
55 61
56 79
57 66
7 35
46 80
23 46
41 77
18 22
72 82
44 89
13 50
49 60
60 68
24 34
0 51
15 49
9 42
90 94
21 37
38 47
19 53
48 73
67 81
54 84
73 83
4 65
36 85
15 23
65 82
40 71
40 93
25 39
17 78
39 89
5 69
31 72
16 87
8 21
4 11
26 47
11 27
84 90
62 85
80 81
30 59
76 93
37 87
18 29
20 29
14 19
13 68
50 76
17 59
62 74
57 77
24 45
44 48
32 94
16 63
52 91
31 41
3 8
6 55
1 69
12 28
1 12
2 75
28 45
32 54
5 30
2 6
36 43
96 288 0
0 0 0 0 0 0 0 0 0 0 0 0 0 0 0 0 0 0 0 0 0 0 0 0 0 0 0 0 0 0 0 0 0 0 0 0 0 0 0 0 0 0 0 0 0 0 0 0 0 0 0 0 0 0 0 0 0 0 0 0 0 0 0 0 0 0 0 0 0 0 0 0 0 0 0 0 0 0 0 0 0 0 0 0 0 0 0 0 0 0 0 0 0 0 0 0
47 93
15 52
20 46
8 55
71 81
76 82
28 45
58 67
13 44
49 79
16 26
23 37
4 61
23 78
25 37
26 88
52 55
39 74
24 48
36 50
66 78
9 59
29 50
33 89
6 35
30 80
4 95
27 90
51 68
64 70
9 22
1 84
7 21
61 80
3 8
88 94
77 81
41 51
14 32
45 53
6 86
46 87
13 77
10 35
65 74
7 84
18 19
33 66
10 54
54 63
42 83
20 85
25 93
79 89
2 3
12 38
85 92
0 83
5 62
12 43
43 53
63 71
14 58
5 24
0 64
22 49
11 44
39 65
18 72
34 41
16 92
60 62
38 91
19 27
21 48
28 94
57 95
56 90
15 75
59 76
31 32
1 17
40 70
75 82
11 69
31 42
2 17
47 87
29 72
40 67
57 69
56 91
36 60
34 68
30 73
73 86
42 60
14 29
27 50
24 67
10 59
59 62
3 18
51 83
25 47
56 62
42 45
1 41
15 85
21 31
12 13
36 71
11 34
51 94
64 76
28 58
74 92
31 75
32 53
75 77
26 38
17 56
33 95
2 93
32 82
17 71
33 92
83 88
23 80
16 47
6 14
1 19
28 66
65 94
64 74
35 43
26 40
7 91
6 46
18 41
38 84
11 25
21 86
4 72
30 68
16 55
19 78
8 73
72 90
22 89
54 79
0 46
44 68
43 44
69 93
5 48
45 50
53 80
9 88
48 84
15 76
13 52
9 70
57 87
54 87
35 81
20 40
58 78
27 60
61 70
39 69
20 37
8 37
39 63
61 67
24 66
5 34
63 79
4 29
0 86
3 55
81 90
23 49
30 91
10 82
2 22
65 89
49 52
57 73
12 85
36 95
7 77
84 91
61 74
46 78
15 62
26 78
62 91
25 75
53 93
63 67
5 21
47 60
65 87
24 46
67 95
40 58
41 44
5 87
71 95
1 49
43 82
15 18
8 32
33 88
39 50
17 31
82 86
24 60
0 11
0 56
13 64
50 73
10 92
27 79
45 83
56 65
18 34
34 59
59 70
51 61
7 28
11 54
9 86
32 35
20 74
16 30
12 20
75 89
31 90
81 94
6 28
16 19
76 81
9 36
23 48
17 27
45 49
37 77
10 39
3 21
37 68
88 89
6 29
4 25
55 72
42 80
12 76
1 93
8 57
47 69
22 57
26 80
41 77
3 54
40 68
23 29
43 63
70 83
38 71
58 85
2 90
4 55
14 42
22 36
14 30
79 84
2 85
53 66
38 64
13 69
44 66
35 73
72 92
19 33
7 48
52 94
51 52
96 288 0
0 0 0 0 0 0 0 0 0 0 0 0 0 0 0 0 0 0 0 0 0 0 0 0 0 0 0 0 0 0 0 0 0 0 0 0 0 0 0 0 0 0 0 0 0 0 0 0 0 0 0 0 0 0 0 0 0 0 0 0 0 0 0 0 0 0 0 0 0 0 0 0 0 0 0 0 0 0 0 0 0 0 0 0 0 0 0 0 0 0 0 0 0 0 0 0
27 80
8 90
45 59
6 23
7 9
37 69
30 60
11 39
15 56
10 31
50 86
57 74
41 48
44 82
54 65
61 79
22 91
38 75
13 31
49 83
3 26
4 58
60 66
0 19
12 70
53 64
30 41
15 23
33 42
73 81
55 59
8 74
35 91
54 58
13 40
46 72
22 47
19 61
5 25
64 85
69 78
25 45
5 51
63 94
34 62
14 27
7 29
17 20
29 35
32 48
1 47
52 53
21 28
2 94
20 92
66 86
11 90
50 62
17 43
2 51
89 93
42 46
70 88
24 83
1 71
26 81
21 73
16 37
16 93
56 89
57 87
36 43
24 79
55 65
32 95
18 40
52 85
18 84
4 95
33 67
10 68
67 72
3 28
6 78
68 82
63 76
39 76
9 77
38 77
14 49
34 36
0 92
71 84
12 88
80 87
44 75
36 78
39 61
7 50
46 77
24 52
6 29
38 50
62 89
48 58
27 67
79 83
9 26
68 88
44 80
55 69
36 66
60 95
28 45
46 92
19 53
18 53
17 39
23 76
3 91
28 93
15 84
62 86
21 57
35 90
41 59
63 67
5 10
17 73
20 93
21 47
75 95
1 56
11 56
27 54
76 82
0 64
70 83
31 91
38 86
51 57
13 72
5 94
0 51
9 82
72 74
20 30
80 81
12 16
63 85
7 84
55 94
41 47
34 54
29 88
25 30
58 66
1 45
61 92
4 65
34 77
22 35
85 90
15 19
10 59
24 44
33 70
71 73
32 71
37 40
26 43
48 69
40 74
42 43
52 81
12 68
60 75
13 87
64 87
16 18
23 42
8 14
33 49
2 49
8 31
11 14
2 79
4 89
6 65
3 78
22 37
25 32
16 72
43 62
37 87
22 83
64 70
38 57
41 50
14 30
7 52
8 47
8 44
30 43
68 75
5 67
3 74
10 32
48 73
40 42
14 44
58 78
47 90
10 19
9 74
19 95
31 48
39 80
0 22
16 26
78 94
34 72
63 79
50 56
45 71
4 59
26 93
6 54
55 68
29 46
2 57
11 27
1 93
5 61
17 89
17 64
45 87
52 92
36 71
24 53
23 61
65 67
9 23
39 82
35 58
25 31
69 95
29 79
35 36
49 60
13 51
73 77
20 81
51 80
55 76
3 65
86 90
28 56
18 28
66 91
59 62
6 88
49 75
60 83
84 85
11 41
46 76
25 70
12 63
37 92
21 89
24 69
81 88
1 27
13 77
34 40
18 33
0 4
2 38
20 82
15 94
66 85
33 86
12 91
7 54
15 53
21 84
32 42
96 288 0
0 0 0 0 0 0 0 0 0 0 0 0 0 0 0 0 0 0 0 0 0 0 0 0 0 0 0 0 0 0 0 0 0 0 0 0 0 0 0 0 0 0 0 0 0 0 0 0 0 0 0 0 0 0 0 0 0 0 0 0 0 0 0 0 0 0 0 0 0 0 0 0 0 0 0 0 0 0 0 0 0 0 0 0 0 0 0 0 0 0 0 0 0 0 0 0
50 76
32 53
16 28
49 92
11 14
54 81
54 87
38 71
78 83
6 18
11 67
17 85
22 68
19 58
72 94
27 33
26 89
21 36
56 90
23 93
5 25
9 86
73 91
62 95
12 40
31 35
0 2
55 66
6 62
12 13
31 52
84 91
43 74
64 69
2 41
39 83
39 46
75 89
32 64
57 88
15 48
53 69
29 55
20 94
5 92
8 48
4 82
10 63
90 93
8 30
1 37
26 51
63 67
15 29
24 58
24 86
9 25
42 95
42 49
36 43
14 77
10 45
0 7
66 79
50 77
61 73
3 59
78 85
13 27
30 80
70 71
16 44
18 84
65 82
70 79
34 37
28 51
34 68
56 75
4 17
47 52
47 59
22 81
19 87
7 35
41 57
33 46
20 72
23 65
40 76
45 60
21 80
3 60
1 38
61 74
44 88
44 47
7 62
68 81
27 82
19 45
4 50
2 36
33 59
10 60
21 75
31 58
37 43
10 73
0 24
70 81
38 40
28 63
45 93
28 57
76 84
55 65
8 52
41 77
23 74
23 52
71 94
31 95
1 29
56 58
40 72
16 26
17 95
29 34
53 70
37 78
57 69
9 49
35 68
47 50
16 22
8 59
9 36
55 92
88 93
83 87
64 92
20 56
49 76
44 69
66 74
48 54
54 90
5 39
18 67
3 25
3 51
7 89
80 86
25 66
39 91
61 94
26 67
6 32
6 85
0 32
53 80
48 60
75 79
34 71
86 90
83 91
62 87
11 13
15 17
72 89
14 43
78 84
4 15
11 51
24 85
1 35
18 19
30 88
2 12
41 73
21 82
20 63
12 79
14 65
22 33
42 64
38 42
13 46
27 61
5 77
30 46
11 19
50 53
24 84
3 31
83 86
47 61
30 43
24 47
68 95
12 85
28 55
27 43
72 77
38 41
11 25
15 37
12 89
26 56
67 75
40 74
9 79
35 87
26 82
70 76
39 59
65 81
52 65
1 94
16 73
45 54
1 14
13 80
17 78
48 58
53 63
27 32
75 82
7 16
42 86
46 57
15 92
9 85
29 31
38 76
4 22
71 83
56 89
63 93
4 91
2 5
8 92
0 62
6 68
10 35
37 64
21 51
18 58
13 69
41 88
14 52
36 57
5 51
25 61
23 50
33 44
28 48
18 64
7 20
6 33
8 45
34 66
60 70
81 84
17 59
36 72
44 46
60 79
80 93
66 91
49 88
20 90
19 95
0 73
40 42
67 71
10 34
32 49
69 77
22 87
21 90
62 94
30 39
29 74
55 78
2 54
3 23
96 288 0
0 0 0 0 0 0 0 0 0 0 0 0 0 0 0 0 0 0 0 0 0 0 0 0 0 0 0 0 0 0 0 0 0 0 0 0 0 0 0 0 0 0 0 0 0 0 0 0 0 0 0 0 0 0 0 0 0 0 0 0 0 0 0 0 0 0 0 0 0 0 0 0 0 0 0 0 0 0 0 0 0 0 0 0 0 0 0 0 0 0 0 0 0 0 0 0
50 95
37 93
8 92
49 91
27 84
43 71
11 91
14 41
79 88
17 69
39 58
62 81
24 73
7 46
7 28
41 54
22 29
8 42
27 61
52 83
37 48
50 69
60 90
2 46
20 22
9 67
3 70
35 86
53 72
0 18
47 63
33 92
9 59
62 89
51 53
56 57
30 68
3 38
34 61
45 89
20 71
30 31
72 94
13 32
10 87
16 28
2 29
45 86
65 88
6 78
76 81
4 19
10 74
19 47
43 64
0 36
12 51
21 34
82 90
17 58
16 36
23 93
75 94
5 85
73 85
12 64
4 24
23 32
33 57
11 18
25 31
1 80
5 84
40 44
76 77
48 74
26 65
66 78
56 68
60 83
13 75
1 40
39 55
38 49
54 80
25 59
14 95
26 44
79 82
15 21
52 55
63 87
42 67
66 77
6 70
15 35
31 72
86 88
50 68
19 87
51 81
19 73
71 92
3 67
49 72
23 54
33 39
53 67
3 66
62 77
14 22
11 41
18 27
6 23
74 85
56 69
48 75
17 34
57 94
33 77
36 88
0 44
10 46
1 95
54 86
26 85
73 87
30 37
2 68
13 45
82 84
47 62
1 25
6 74
16 26
10 75
42 76
37 69
12 55
70 83
11 24
8 28
64 70
18 82
80 90
4 91
32 57
58 83
64 65
60 93
2 76
46 84
5 59
20 28
24 47
29 81
35 92
0 45
53 95
34 79
12 25
39 40
35 55
50 61
14 59
16 38
5 52
29 38
41 61
78 79
31 43
15 93
8 43
9 63
42 52
17 60
13 30
51 91
22 90
21 40
15 66
20 49
36 94
65 80
7 56
21 63
48 58
4 7
9 27
71 89
44 89
32 78
13 94
19 65
12 83
10 73
59 67
13 27
34 62
5 48
51 82
15 17
48 81
21 90
30 32
66 90
87 91
72 74
17 80
18 70
11 79
45 71
12 14
16 46
29 55
61 75
38 85
22 87
4 53
25 63
7 47
15 37
59 78
61 82
53 80
84 89
22 76
27 71
21 28
70 74
6 41
31 79
47 75
14 39
39 67
31 45
42 68
50 93
30 84
52 58
23 26
43 69
24 36
5 57
38 42
19 56
24 51
20 23
92 94
33 44
46 65
88 93
37 52
64 83
54 76
50 66
40 81
56 60
3 33
44 49
62 64
7 58
1 41
8 89
9 86
40 73
85 95
16 49
68 95
34 35
3 25
1 32
2 28
0 10
43 78
4 36
2 57
35 77
18 63
0 86
72 77
88 92
20 54
60 91
26 55
9 11
6 29
8 69
96 288 0
0 0 0 0 0 0 0 0 0 0 0 0 0 0 0 0 0 0 0 0 0 0 0 0 0 0 0 0 0 0 0 0 0 0 0 0 0 0 0 0 0 0 0 0 0 0 0 0 0 0 0 0 0 0 0 0 0 0 0 0 0 0 0 0 0 0 0 0 0 0 0 0 0 0 0 0 0 0 0 0 0 0 0 0 0 0 0 0 0 0 0 0 0 0 0 0
42 60
54 83
31 94
81 94
52 59
37 55
63 64
34 82
31 34
14 57
10 43
74 77
10 66
3 17
5 21
57 71
24 86
35 77
73 95
8 47
43 88
22 65
16 27
5 19
25 39
11 49
20 41
7 84
39 61
3 47
9 29
33 71
11 25
24 80
74 90
41 45
62 91
58 85
38 53
1 72
15 30
32 37
75 76
28 48
19 70
35 83
8 80
18 72
6 78
14 15
6 56
54 89
9 92
56 67
58 62
40 44
12 82
27 50
20 92
4 50
63 68
46 87
61 95
45 66
13 86
1 49
12 84
30 60
18 78
2 85
69 75
0 48
64 73
16 53
70 93
0 55
38 51
26 44
7 90
67 88
76 93
28 36
23 91
32 81
36 89
23 65
17 68
46 59
26 40
13 21
42 52
2 51
79 87
33 69
22 29
4 79
49 80
33 83
18 77
3 10
38 40
40 57
32 68
19 59
24 66
20 62
35 67
41 51
44 71
39 89
18 89
26 60
52 58
82 86
9 78
13 90
25 44
14 63
48 94
75 82
39 72
28 80
43 73
13 36
11 69
27 29
60 71
14 22
6 81
32 55
45 55
31 57
9 91
15 46
0 95
74 79
27 93
12 42
29 30
28 85
42 76
46 74
53 62
66 94
1 54
21 92
35 86
0 1
2 7
34 58
4 63
56 90
69 83
24 65
73 92
5 54
15 47
47 84
12 65
23 51
37 87
59 78
19 53
20 23
4 88
17 91
26 49
85 95
68 81
50 70
56 93
10 52
2 22
6 88
16 72
25 36
79 84
17 50
37 41
11 67
34 76
38 64
7 31
3 30
8 87
8 21
70 75
43 45
5 48
16 64
61 77
33 61
27 62
22 42
12 27
13 51
78 86
71 93
5 44
7 24
14 16
12 88
59 86
8 19
60 68
43 74
11 84
20 37
79 82
41 53
66 85
63 80
1 17
21 25
13 28
73 76
30 70
11 50
40 65
18 19
88 93
34 39
40 48
21 35
62 73
81 90
55 69
6 15
20 52
2 60
0 57
34 35
3 92
61 90
26 47
55 84
25 54
36 39
45 69
76 95
0 59
8 29
1 63
47 89
64 65
7 70
15 85
49 72
36 67
10 51
17 58
9 28
30 87
48 77
32 92
45 94
22 94
31 89
43 91
6 66
2 29
23 80
82 95
72 75
49 81
3 32
33 44
26 46
4 57
9 61
10 38
54 87
14 64
23 83
37 74
52 68
4 38
5 71
18 56
16 31
50 53
46 78
77 79
41 91
24 42
33 58
56 75
67 83
96 288 0
0 0 0 0 0 0 0 0 0 0 0 0 0 0 0 0 0 0 0 0 0 0 0 0 0 0 0 0 0 0 0 0 0 0 0 0 0 0 0 0 0 0 0 0 0 0 0 0 0 0 0 0 0 0 0 0 0 0 0 0 0 0 0 0 0 0 0 0 0 0 0 0 0 0 0 0 0 0 0 0 0 0 0 0 0 0 0 0 0 0 0 0 0 0 0 0
28 83
16 62
0 79
7 40
46 76
9 36
11 22
77 92
2 10
34 86
13 55
20 51
23 42
72 94
64 75
3 88
14 36
3 82
0 84
43 62
52 85
49 90
22 93
54 83
78 94
19 57
35 79
4 52
2 85
49 78
48 59
24 33
25 59
65 68
45 77
17 28
27 42
27 51
12 44
32 89
39 69
40 88
16 50
35 60
29 93
73 87
8 37
13 30
5 46
29 67
9 67
18 38
15 39
18 71
58 70
61 80
48 65
6 45
7 43
5 87
54 86
25 95
4 14
26 74
47 92
37 53
53 90
15 91
21 73
31 55
20 21
38 60
56 82
44 84
61 70
58 80
17 34
12 64
6 11
24 74
41 75
30 71
50 81
31 32
47 68
1 57
1 41
26 72
19 81
56 69
89 95
10 91
23 33
8 66
63 76
63 66
53 69
2 7
41 62
31 46
19 45
49 95
18 45
33 76
44 50
1 70
26 76
50 84
25 49
0 32
41 55
73 79
55 60
58 77
9 42
27 28
81 91
17 19
65 75
2 63
22 86
8 21
0 89
56 60
34 91
30 89
8 13
63 92
35 68
21 47
80 81
40 71
7 14
11 42
82 87
1 66
29 73
15 72
54 67
52 56
5 35
39 85
15 43
43 64
38 86
26 78
4 78
13 83
29 92
3 37
62 64
23 51
57 87
16 44
40 94
61 82
39 93
12 51
31 68
12 22
17 88
48 67
20 48
61 85
20 77
74 94
80 83
16 52
46 88
9 30
23 74
47 54
58 69
24 59
18 34
33 36
32 57
10 36
6 90
4 5
14 84
25 72
11 65
10 93
53 75
38 90
28 59
24 27
37 71
66 79
6 95
3 70
66 67
26 92
20 80
42 84
75 84
10 13
73 78
17 76
61 68
38 91
19 92
5 9
48 70
20 58
13 18
36 43
55 67
64 65
30 75
30 93
0 39
19 87
0 24
68 77
11 33
40 53
6 32
33 82
5 95
51 88
47 85
44 56
12 16
12 78
35 56
35 91
57 90
34 83
23 64
4 77
2 39
21 63
46 70
4 81
25 81
83 95
26 50
7 46
18 36
11 59
27 40
62 69
6 41
2 51
72 90
66 85
3 43
52 74
55 71
27 88
22 74
34 87
28 72
63 93
28 49
32 37
61 71
9 48
44 80
8 79
22 41
60 79
69 89
16 45
1 49
29 45
8 76
65 86
50 86
15 58
14 37
31 59
25 31
38 54
52 73
17 42
54 82
62 94
15 57
3 60
7 23
21 29
24 53
1 47
10 89
14 94
96 288 0
0 0 0 0 0 0 0 0 0 0 0 0 0 0 0 0 0 0 0 0 0 0 0 0 0 0 0 0 0 0 0 0 0 0 0 0 0 0 0 0 0 0 0 0 0 0 0 0 0 0 0 0 0 0 0 0 0 0 0 0 0 0 0 0 0 0 0 0 0 0 0 0 0 0 0 0 0 0 0 0 0 0 0 0 0 0 0 0 0 0 0 0 0 0 0 0
13 60
29 59
61 72
58 73
36 65
46 90
1 49
32 53
30 85
60 88
0 81
19 63
15 57
77 86
12 16
44 84
48 89
49 94
7 16
17 82
3 50
54 74
74 85
27 38
37 45
9 71
9 20
61 83
46 75
35 64
30 92
4 48
11 20
0 21
22 69
39 81
21 39
53 83
8 80
40 76
5 70
37 56
35 68
12 84
3 69
45 70
27 57
24 26
71 79
14 18
2 95
23 63
51 95
1 52
18 82
2 41
28 87
6 94
33 47
25 73
4 8
6 58
19 59
64 66
32 43
67 77
15 51
26 55
34 40
5 13
22 66
31 52
68 88
14 43
17 28
91 93
56 78
47 75
38 93
54 62
10 90
34 42
25 72
24 67
78 92
42 80
50 89
41 44
55 86
10 11
7 91
31 87
36 79
62 76
23 29
33 65
6 92
0 54
25 45
23 71
61 90
15 33
64 80
1 58
22 68
19 46
16 85
2 35
16 77
53 60
55 93
11 58
3 59
40 54
34 67
20 26
7 86
0 76
46 63
21 28
4 94
15 75
19 91
3 73
41 48
21 47
24 32
23 34
42 60
76 89
13 57
13 92
1 43
36 67
27 65
90 94
25 85
33 61
26 69
53 65
38 81
80 81
29 56
18 59
31 45
83 91
10 78
63 75
6 62
12 50
36 88
5 66
64 78
56 86
79 93
31 39
37 88
82 95
41 72
40 48
44 87
24 71
29 70
52 68
17 62
72 83
2 5
49 70
30 66
20 32
18 51
22 89
52 84
8 10
4 9
27 39
42 95
30 87
50 79
12 28
17 38
35 84
44 57
8 9
14 37
14 74
43 47
74 82
73 77
51 69
11 55
7 49
22 59
25 35
10 37
52 91
8 67
29 84
71 80
0 86
35 49
23 46
15 92
18 55
2 52
34 91
5 75
64 84
16 67
13 90
16 79
63 78
19 29
40 82
38 88
9 69
70 77
32 74
44 95
4 71
6 81
26 61
76 82
57 68
14 60
77 92
87 93
74 95
15 81
6 11
24 53
26 78
5 94
12 43
72 76
28 48
68 89
7 25
36 73
37 47
65 70
17 33
42 79
42 54
41 85
0 41
53 58
3 51
47 69
9 62
31 58
27 51
49 56
10 56
12 61
7 66
14 34
18 19
36 46
4 30
11 28
2 93
54 65
31 86
1 13
33 88
20 27
40 57
17 66
55 87
8 32
39 72
3 21
38 48
30 45
50 83
80 89
44 50
64 90
23 73
60 62
1 83
39 45
20 94
22 43
59 75
21 85
24 63
96 288 0
0 0 0 0 0 0 0 0 0 0 0 0 0 0 0 0 0 0 0 0 0 0 0 0 0 0 0 0 0 0 0 0 0 0 0 0 0 0 0 0 0 0 0 0 0 0 0 0 0 0 0 0 0 0 0 0 0 0 0 0 0 0 0 0 0 0 0 0 0 0 0 0 0 0 0 0 0 0 0 0 0 0 0 0 0 0 0 0 0 0 0 0 0 0 0 0
21 48
7 85
13 38
17 40
33 77
33 43
15 79
66 78
3 82
1 2
2 68
76 78
60 74
54 57
14 79
32 84
0 39
6 27
69 87
9 56
48 58
8 82
12 63
11 37
9 65
80 86
24 74
20 55
37 70
43 68
8 95
26 77
61 63
29 35
28 72
17 24
32 92
64 80
54 85
31 89
29 86
10 71
27 59
14 64
20 25
35 95
21 66
4 92
55 88
41 75
30 41
1 45
39 81
11 70
16 46
13 67
22 34
81 94
31 91
40 52
34 89
25 49
44 93
49 52
6 47
60 76
56 69
12 19
73 93
4 19
50 83
23 30
10 36
51 83
5 62
46 94
57 59
0 7
28 75
5 23
18 44
47 62
45 90
18 26
3 53
22 91
38 42
42 72
58 61
16 67
15 87
50 90
65 71
84 88
36 53
51 73
14 90
53 75
49 66
64 91
35 53
57 74
5 24
41 44
59 90
26 63
9 20
14 46
25 71
42 81
8 75
28 62
5 95
3 51
51 92
15 65
47 69
26 39
4 8
59 78
37 46
45 67
37 86
68 79
22 58
35 49
30 69
54 60
17 48
60 71
52 61
12 83
7 87
50 78
4 56
10 72
2 44
77 89
23 39
0 31
16 74
0 36
67 76
41 73
13 66
88 95
11 50
73 85
2 91
77 81
13 40
30 93
52 94
76 89
7 43
61 62
12 25
1 16
22 29
10 88
15 20
45 47
32 56
3 92
27 38
1 84
6 83
57 64
31 55
21 72
28 70
33 34
70 93
19 82
24 40
6 33
36 87
11 38
18 23
55 68
48 82
32 80
27 80
17 94
34 63
9 29
18 43
58 79
21 84
54 86
19 85
42 65
43 87
45 69
11 46
38 44
28 42
13 37
5 75
79 84
70 73
8 93
48 95
10 30
15 40
4 79
6 71
14 49
65 72
5 66
11 25
15 63
2 8
53 88
81 82
43 92
40 95
62 77
22 30
12 90
50 81
23 47
13 55
1 59
45 83
54 59
7 74
32 64
51 57
21 51
84 94
3 26
24 48
80 88
36 86
72 86
2 62
17 56
23 94
47 60
36 42
9 60
7 29
35 68
34 70
9 73
31 93
3 28
24 65
1 91
16 85
16 17
20 53
44 71
39 64
66 91
35 87
29 52
33 76
80 89
6 92
57 89
20 41
18 76
56 78
19 50
27 58
63 69
34 41
27 54
0 14
19 61
61 82
10 39
31 78
0 77
33 55
58 67
4 52
21 67
22 37
38 85
49 90
46 75
12 68
74 83
26 32
18 25
96 288 0
0 0 0 0 0 0 0 0 0 0 0 0 0 0 0 0 0 0 0 0 0 0 0 0 0 0 0 0 0 0 0 0 0 0 0 0 0 0 0 0 0 0 0 0 0 0 0 0 0 0 0 0 0 0 0 0 0 0 0 0 0 0 0 0 0 0 0 0 0 0 0 0 0 0 0 0 0 0 0 0 0 0 0 0 0 0 0 0 0 0 0 0 0 0 0 0
30 95
52 92
21 49
64 69
43 61
61 63
36 40
80 87
2 80
52 88
8 10
20 66
22 72
45 54
42 76
13 69
29 40
12 53
3 47
35 42
37 41
39 84
77 90
9 60
29 32
28 51
15 86
60 82
4 14
47 94
24 44
0 34
49 55
0 74
66 85
19 79
16 65
1 7
30 75
73 75
63 71
43 78
11 86
78 93
25 45
22 57
59 77
8 91
9 72
10 87
62 95
12 84
27 92
16 64
70 83
17 59
23 81
3 13
26 46
19 23
32 76
31 83
6 93
20 85
65 70
67 81
1 73
18 26
17 48
2 58
54 79
36 44
15 38
50 51
62 67
68 82
31 50
33 55
18 35
34 91
39 56
5 21
27 28
38 68
4 48
5 53
25 58
6 88
7 46
14 74
11 37
56 71
24 90
33 89
41 57
89 94
74 83
10 72
7 28
0 81
52 65
4 65
3 80
28 49
16 61
6 47
31 33
14 57
35 82
62 83
2 71
37 57
81 90
15 88
11 88
9 78
47 93
74 92
11 20
58 69
25 79
24 54
48 70
12 73
43 68
30 73
34 46
49 56
59 62
31 93
29 43
8 53
42 68
42 84
36 48
18 85
12 95
56 64
0 76
40 50
19 45
9 25
32 44
52 67
7 92
38 55
63 89
54 63
44 85
34 69
61 71
17 29
20 58
23 26
5 15
3 36
13 53
60 90
26 60
39 66
1 95
33 59
23 91
51 75
51 66
27 30
1 21
10 79
32 64
41 87
77 86
46 87
18 39
17 22
55 75
38 50
27 41
82 94
14 84
67 94
77 91
37 70
16 19
72 86
6 8
2 13
4 40
21 24
35 45
76 89
5 80
22 78
71 93
15 37
64 87
3 76
32 53
40 91
2 16
22 46
79 83
13 50
8 65
8 48
72 89
18 48
12 43
60 66
35 71
69 87
0 26
15 57
52 66
61 67
68 78
5 78
27 75
31 88
24 85
49 90
7 9
1 81
7 21
64 75
77 84
49 63
34 51
57 89
35 54
20 43
58 62
17 46
27 76
10 38
4 74
53 73
30 65
9 24
28 81
21 44
47 55
10 82
23 56
39 92
20 33
41 63
32 94
5 73
31 37
41 47
44 72
28 42
42 69
11 58
19 86
13 93
30 59
22 94
0 83
6 19
56 95
25 26
18 38
3 33
36 62
4 45
1 45
80 92
67 74
55 68
34 60
11 95
29 51
14 91
6 17
36 88
70 86
14 29
12 50
2 79
80 85
84 90
16 82
25 59
52 61
70 77
23 54
39 40
96 288 0
0 0 0 0 0 0 0 0 0 0 0 0 0 0 0 0 0 0 0 0 0 0 0 0 0 0 0 0 0 0 0 0 0 0 0 0 0 0 0 0 0 0 0 0 0 0 0 0 0 0 0 0 0 0 0 0 0 0 0 0 0 0 0 0 0 0 0 0 0 0 0 0 0 0 0 0 0 0 0 0 0 0 0 0 0 0 0 0 0 0 0 0 0 0 0 0
34 43
29 86
60 79
52 81
11 14
54 86
89 91
58 84
74 95
46 94
33 54
23 75
51 67
16 24
1 27
55 60
64 93
47 71
36 45
49 61
34 84
2 21
68 72
6 8
42 52
24 53
39 80
4 89
1 36
21 50
31 78
23 28
3 22
45 76
25 82
41 88
7 73
13 55
10 77
63 92
67 74
9 37
12 53
19 57
27 70
16 37
17 51
82 83
0 22
17 83
8 18
32 81
14 49
66 73
33 56
25 39
44 62
38 63
38 69
68 90
31 46
15 94
43 87
59 62
72 75
10 15
4 35
32 65
71 76
77 92
29 44
28 57
41 78
5 9
7 93
30 87
85 90
58 79
5 48
40 61
85 88
26 42
3 59
35 91
20 70
20 69
19 26
13 40
2 48
50 65
12 47
11 18
66 95
0 64
56 80
6 30
53 56
7 82
91 92
37 71
5 73
38 92
2 43
27 78
6 36
24 32
1 32
66 79
8 12
24 90
80 86
21 89
45 81
74 87
20 74
46 83
48 91
9 13
10 33
71 85
8 76
41 45
25 55
41 83
27 93
62 65
21 56
48 60
10 82
13 17
33 42
3 19
22 58
75 95
58 76
26 29
50 88
23 63
64 69
46 64
22 39
28 36
44 81
17 80
26 77
15 67
67 70
49 57
15 75
59 77
19 34
4 20
35 79
7 57
55 84
28 78
30 54
14 54
0 37
52 87
16 40
12 90
4 39
23 84
43 62
31 40
44 86
25 38
2 51
16 50
60 72
18 69
18 68
49 93
35 89
11 61
5 11
59 95
0 94
1 51
6 47
47 65
3 53
52 68
34 42
9 94
61 70
29 31
63 72
66 85
14 88
30 73
11 43
33 85
7 41
8 56
53 82
29 76
87 88
11 37
47 49
17 59
55 80
29 62
7 24
9 26
25 56
73 83
49 68
40 80
2 20
22 40
1 95
50 90
3 75
25 59
85 92
45 89
53 92
0 69
6 48
12 30
1 70
3 91
36 37
16 60
12 63
18 51
28 61
4 24
44 74
15 68
13 23
31 81
6 31
71 91
73 84
9 84
32 55
18 54
45 74
65 82
32 34
63 95
35 48
39 93
10 28
0 44
10 61
4 83
47 57
50 75
78 89
17 86
62 70
13 54
52 77
77 79
21 58
5 21
64 94
38 86
5 22
46 87
41 72
8 90
26 69
46 76
23 39
16 72
20 52
34 64
2 93
14 71
78 79
58 66
27 67
15 30
27 65
33 35
14 60
19 42
66 94
42 57
36 51
19 43
67 81
38 88
96 288 0
0 0 0 0 0 0 0 0 0 0 0 0 0 0 0 0 0 0 0 0 0 0 0 0 0 0 0 0 0 0 0 0 0 0 0 0 0 0 0 0 0 0 0 0 0 0 0 0 0 0 0 0 0 0 0 0 0 0 0 0 0 0 0 0 0 0 0 0 0 0 0 0 0 0 0 0 0 0 0 0 0 0 0 0 0 0 0 0 0 0 0 0 0 0 0 0
29 71
24 79
16 67
10 44
4 65
8 53
2 12
31 91
50 87
20 39
38 46
43 49
61 83
50 91
58 70
57 89
11 42
32 47
17 62
35 43
22 33
12 22
42 44
7 27
9 77
6 27
18 31
2 74
1 19
59 88
49 54
83 88
20 38
25 52
1 52
67 93
62 75
59 66
40 89
14 65
35 78
3 34
46 73
39 48
84 93
11 13
58 76
79 82
29 40
54 81
8 56
60 72
10 26
3 56
5 36
78 95
76 81
37 64
21 90
9 57
5 86
17 69
55 86
47 68
4 63
0 13
37 74
60 80
48 82
33 69
23 71
51 77
23 25
15 24
72 84
0 75
85 92
21 32
28 34
18 30
51 87
15 53
41 94
68 70
19 61
7 36
30 66
45 64
90 95
41 80
28 85
26 94
6 14
45 92
63 73
16 55
70 95
40 79
24 78
47 89
54 71
52 78
33 42
8 81
27 31
6 62
9 74
93 94
30 37
1 66
63 77
4 45
44 74
42 46
11 94
75 90
19 55
4 43
64 84
41 57
23 26
48 66
31 47
32 50
27 73
58 83
34 59
46 89
16 56
40 91
25 67
23 33
44 77
10 12
29 69
41 48
21 35
13 15
2 91
3 5
85 86
60 64
8 28
5 22
11 20
38 39
72 86
49 63
36 87
45 76
25 30
9 84
61 82
2 79
57 83
16 73
17 53
14 67
0 19
0 70
32 88
56 95
36 52
20 28
24 59
1 35
10 90
13 18
15 26
65 72
18 37
58 68
3 50
54 82
34 80
80 92
7 51
53 87
7 92
43 85
22 81
68 88
14 49
61 76
21 62
6 65
60 71
51 69
38 75
39 55
12 29
17 93
34 79
63 80
44 64
25 85
8 50
33 94
25 39
1 41
33 75
74 77
59 74
1 78
18 76
77 84
31 54
5 62
21 57
35 52
4 82
64 70
16 60
21 92
80 86
53 58
7 50
42 75
44 54
28 38
9 70
15 18
91 94
26 66
83 87
49 88
43 65
0 60
48 51
45 62
2 22
37 81
19 86
12 31
27 58
40 47
23 69
7 17
38 57
10 45
27 95
55 78
6 13
5 72
66 91
0 69
29 32
56 59
32 41
49 90
4 51
19 20
30 76
30 71
36 42
3 24
8 68
47 93
15 88
17 28
9 14
40 83
11 73
63 87
10 89
72 95
39 61
12 36
71 84
24 90
26 79
35 85
56 67
23 43
16 52
48 68
11 92
6 67
2 46
65 73
46 82
29 53
22 34
14 61
37 89
3 93
20 55
13 81
96 288 0
0 0 0 0 0 0 0 0 0 0 0 0 0 0 0 0 0 0 0 0 0 0 0 0 0 0 0 0 0 0 0 0 0 0 0 0 0 0 0 0 0 0 0 0 0 0 0 0 0 0 0 0 0 0 0 0 0 0 0 0 0 0 0 0 0 0 0 0 0 0 0 0 0 0 0 0 0 0 0 0 0 0 0 0 0 0 0 0 0 0 0 0 0 0 0 0
16 51
35 36
60 85
90 91
8 68
74 94
3 37
11 64
1 23
61 77
15 72
6 12
40 70
27 91
32 78
2 65
0 81
32 72
38 80
66 89
36 37
79 81
28 46
7 87
61 88
55 56
24 45
18 57
43 57
5 9
15 23
25 95
18 34
3 52
53 84
47 88
49 54
13 14
2 71
62 85
17 76
84 89
0 67
51 71
21 95
28 92
4 20
30 79
27 86
9 11
75 78
25 87
44 77
10 46
42 50
66 70
38 62
58 65
47 82
39 67
52 53
41 49
7 56
30 76
41 83
22 35
14 40
5 45
33 60
63 92
20 48
17 33
48 82
1 4
10 75
22 31
6 54
43 94
69 80
19 59
13 34
16 55
29 69
39 73
44 93
19 63
24 64
74 83
12 29
42 90
8 86
26 93
26 68
21 31
59 73
50 58
48 54
17 42
88 92
27 60
46 60
13 28
57 70
29 45
21 79
44 45
63 71
59 67
46 84
6 23
14 15
13 19
77 84
40 47
31 68
9 94
9 56
37 79
16 89
21 65
39 76
41 63
38 75
38 78
26 41
70 72
51 64
42 55
22 72
20 57
53 75
19 44
49 80
3 20
66 93
85 90
3 73
5 7
34 92
5 29
8 48
58 95
69 87
26 86
4 64
2 82
11 36
61 80
2 7
25 47
30 54
25 69
33 67
11 56
4 24
1 82
39 89
52 58
28 49
55 62
6 10
12 90
51 83
50 59
0 30
24 81
53 91
16 31
35 74
0 18
65 73
15 37
35 77
50 62
83 87
36 71
81 95
23 32
43 88
85 86
8 40
14 61
66 74
1 27
22 78
10 34
12 93
18 91
68 76
17 43
52 94
32 33
60 65
4 43
19 67
11 75
48 50
28 83
6 73
14 21
33 85
11 35
46 66
2 40
34 56
62 70
44 87
71 79
48 55
67 74
4 49
54 77
50 83
29 57
8 76
34 45
53 86
59 80
24 27
3 16
17 21
69 74
23 73
7 20
45 61
71 91
23 68
2 86
65 88
22 88
9 78
0 82
0 37
16 69
39 58
9 49
60 89
28 95
61 66
37 42
15 89
19 33
8 29
54 81
7 38
32 53
42 58
39 78
32 80
64 94
5 10
12 72
25 26
18 92
1 10
31 43
25 51
18 44
87 93
35 84
47 56
38 63
47 95
13 52
51 81
3 17
27 93
5 36
13 55
14 22
26 82
24 68
75 84
31 40
85 94
6 36
30 52
62 77
57 63
46 91
20 79
59 70
41 90
12 92
15 64
30 41
76 90
1 72
96 288 0
0 0 0 0 0 0 0 0 0 0 0 0 0 0 0 0 0 0 0 0 0 0 0 0 0 0 0 0 0 0 0 0 0 0 0 0 0 0 0 0 0 0 0 0 0 0 0 0 0 0 0 0 0 0 0 0 0 0 0 0 0 0 0 0 0 0 0 0 0 0 0 0 0 0 0 0 0 0 0 0 0 0 0 0 0 0 0 0 0 0 0 0 0 0 0 0
24 92
8 19
67 91
23 85
23 43
60 61
16 71
59 89
52 63
30 55
15 18
28 51
38 85
28 65
5 64
81 84
33 82
45 49
3 93
0 8
33 36
49 73
20 52
11 82
17 62
14 65
78 84
48 79
70 87
67 68
26 83
30 75
79 88
42 81
42 62
5 27
22 37
12 91
35 64
46 92
54 55
6 66
50 57
13 93
43 87
38 78
11 76
41 94
20 36
58 68
32 47
2 40
45 89
10 19
32 50
9 90
59 69
44 94
60 76
48 80
39 77
40 51
58 66
0 10
3 63
37 41
12 72
9 14
2 71
13 57
22 77
16 75
46 73
7 25
21 69
61 74
56 72
4 6
17 95
44 53
34 74
1 27
24 54
1 80
29 31
70 90
18 88
39 47
83 86
21 34
4 35
25 31
7 15
26 95
53 86
29 56
13 45
70 71
0 84
2 22
61 85
14 24
40 89
52 88
25 83
51 89
19 59
48 95
30 42
13 86
17 77
56 90
51 74
78 87
36 55
12 35
43 72
49 55
1 72
32 35
29 74
44 69
24 39
0 81
40 68
26 82
9 27
5 91
11 66
21 47
6 54
57 85
8 30
63 86
31 49
32 58
1 41
48 94
3 81
71 94
60 70
12 38
50 65
14 77
47 80
8 93
67 75
15 25
61 90
33 56
5 37
3 79
22 31
29 62
27 64
10 16
18 21
6 17
41 60
65 68
50 78
28 53
62 63
4 33
16 42
67 92
15 64
28 66
11 80
23 52
59 92
39 69
18 45
73 79
19 46
46 87
58 73
9 23
4 76
53 84
26 34
2 38
10 36
20 34
76 91
20 82
7 75
88 93
44 54
7 83
43 95
37 57
44 76
53 81
2 32
17 71
63 75
8 27
6 94
15 82
52 81
3 12
37 79
5 9
21 83
33 79
28 47
41 50
9 93
22 91
45 88
24 51
3 5
12 46
55 72
10 23
14 78
0 14
30 57
60 82
54 64
19 80
31 44
18 28
8 43
30 64
35 37
51 56
58 70
32 59
16 39
34 40
2 73
35 92
27 47
18 60
62 87
83 85
69 72
21 58
67 93
45 63
25 55
84 88
36 61
73 95
0 71
49 74
23 86
33 86
24 87
67 77
65 91
29 66
80 89
48 49
70 76
52 59
43 84
17 46
4 20
34 92
1 53
39 62
26 75
11 36
7 19
38 42
40 54
10 90
7 78
26 89
20 38
1 57
4 74
11 77
15 48
22 68
13 90
65 94
61 95
16 56
6 50
29 68
31 42
13 41
25 66
69 85
96 288 0
0 0 0 0 0 0 0 0 0 0 0 0 0 0 0 0 0 0 0 0 0 0 0 0 0 0 0 0 0 0 0 0 0 0 0 0 0 0 0 0 0 0 0 0 0 0 0 0 0 0 0 0 0 0 0 0 0 0 0 0 0 0 0 0 0 0 0 0 0 0 0 0 0 0 0 0 0 0 0 0 0 0 0 0 0 0 0 0 0 0 0 0 0 0 0 0
54 68
46 62
79 88
67 76
42 72
26 33
21 50
37 40
9 89
15 71
5 75
24 33
14 30
20 36
13 92
17 95
23 37
61 62
14 81
0 21
18 31
45 91
28 91
40 60
29 69
38 90
48 77
4 35
0 93
4 74
7 85
10 87
49 70
10 56
34 68
76 80
16 49
43 77
2 59
65 86
12 30
47 55
32 55
23 83
16 86
15 53
11 65
27 44
8 26
35 51
66 89
29 57
34 47
3 19
71 78
54 67
3 64
28 66
41 44
46 59
88 95
12 81
22 39
48 93
32 64
24 25
57 84
1 13
22 70
75 94
6 92
18 82
60 82
5 51
25 63
39 74
42 50
8 73
6 79
9 19
17 85
45 63
43 58
27 80
31 90
78 87
2 56
52 84
1 61
73 94
7 53
36 72
11 52
41 69
58 83
20 38
49 73
8 48
36 66
72 83
8 93
5 9
25 74
22 58
43 57
38 66
14 65
61 84
47 90
35 39
2 77
68 83
42 52
11 39
2 95
15 54
33 71
30 88
11 35
16 80
10 37
81 88
19 31
41 71
12 59
6 61
7 19
25 85
40 69
21 75
38 77
49 69
13 89
29 65
12 87
18 64
29 46
76 86
23 27
4 44
6 26
72 76
4 91
43 48
55 67
32 53
60 92
40 51
55 57
62 90
50 92
7 9
16 27
42 60
10 45
56 67
44 53
24 70
14 52
45 82
32 93
34 54
34 95
50 89
24 51
33 47
1 56
46 85
0 80
18 59
28 30
63 74
13 63
41 84
36 79
23 78
17 22
64 68
1 91
3 37
3 79
78 81
26 94
70 73
20 28
62 87
0 75
15 58
17 82
5 21
20 86
31 94
46 74
71 72
51 84
15 57
60 79
56 83
15 44
32 68
2 6
13 72
28 54
46 66
36 88
42 92
0 76
55 82
36 40
6 38
50 81
78 95
75 93
2 65
3 69
47 52
10 19
38 63
29 35
21 87
3 25
1 12
11 45
66 91
35 78
62 84
23 90
10 14
49 57
20 80
8 88
37 91
24 93
1 22
12 68
17 54
56 95
51 53
41 89
43 61
27 69
24 27
7 48
83 92
9 58
31 67
16 52
5 23
5 18
11 26
30 73
14 60
21 28
32 79
19 70
33 89
67 87
34 42
44 64
4 65
53 76
8 49
34 55
4 70
17 41
47 64
59 71
9 74
33 85
16 58
48 59
39 94
63 77
13 50
30 90
77 94
31 75
22 26
37 80
40 86
73 86
39 62
0 7
61 82
25 45
29 43
20 81
18 85
96 288 0
0 0 0 0 0 0 0 0 0 0 0 0 0 0 0 0 0 0 0 0 0 0 0 0 0 0 0 0 0 0 0 0 0 0 0 0 0 0 0 0 0 0 0 0 0 0 0 0 0 0 0 0 0 0 0 0 0 0 0 0 0 0 0 0 0 0 0 0 0 0 0 0 0 0 0 0 0 0 0 0 0 0 0 0 0 0 0 0 0 0 0 0 0 0 0 0
87 89
4 31
38 88
37 55
57 60
26 75
46 65
0 61
55 92
14 76
24 41
64 92
18 67
14 28
28 87
40 74
5 43
13 47
16 47
27 94
37 50
6 8
70 93
39 42
0 34
33 72
31 81
21 79
17 57
81 85
45 63
6 30
11 68
3 68
15 53
78 95
18 59
59 91
34 95
35 41
10 86
66 72
48 80
29 30
11 90
71 73
56 58
70 84
23 82
17 79
10 27
1 64
12 43
1 91
9 65
36 45
16 44
2 80
22 38
23 89
58 62
66 77
33 75
25 93
49 82
22 71
8 61
53 54
67 83
51 60
35 46
24 32
39 56
9 62
3 86
42 44
20 50
40 77
7 21
7 69
15 52
13 48
63 76
19 25
69 94
49 52
2 85
12 83
20 78
5 54
73 74
84 88
4 51
19 26
29 90
32 36
18 19
2 60
27 77
77 83
3 32
18 72
17 73
56 72
14 41
1 15
21 94
43 52
66 74
5 68
38 43
29 31
42 89
82 87
5 79
4 84
7 56
1 67
24 45
74 81
10 11
25 44
12 22
58 61
20 85
67 71
49 95
17 93
82 84
10 50
4 75
6 62
42 78
27 91
49 75
30 94
81 90
9 34
55 60
40 59
3 62
13 24
11 35
32 63
66 76
36 73
16 85
64 91
7 58
69 88
52 79
19 86
47 92
23 46
23 33
51 55
39 44
30 46
37 64
65 70
13 36
20 63
16 37
8 41
53 61
33 70
40 93
15 21
12 28
8 65
50 71
6 34
0 9
14 38
54 59
26 53
35 57
2 48
54 92
29 47
87 95
31 80
45 83
88 90
26 86
0 89
25 48
68 69
39 76
51 78
22 80
28 57
76 91
50 95
73 82
26 92
35 83
17 37
28 77
23 69
25 58
20 56
38 91
5 57
27 65
17 87
34 72
8 83
34 46
54 81
37 58
66 80
54 68
40 71
10 63
41 78
48 92
47 49
9 94
27 38
46 71
53 60
1 62
29 82
4 53
52 76
28 63
36 88
2 74
43 62
42 70
25 75
75 87
0 32
31 42
16 45
14 50
15 49
26 35
79 85
41 93
4 22
29 93
0 20
5 9
19 57
3 44
39 45
10 80
68 73
43 90
55 79
40 67
21 23
12 24
24 65
11 33
14 48
21 56
61 84
6 61
30 64
13 84
18 51
1 52
7 13
22 77
2 15
67 70
11 89
51 94
44 89
60 81
30 86
18 33
8 64
59 69
55 85
78 88
36 59
31 32
3 19
7 16
72 74
90 95
12 86
6 39
47 66
96 288 0
0 0 0 0 0 0 0 0 0 0 0 0 0 0 0 0 0 0 0 0 0 0 0 0 0 0 0 0 0 0 0 0 0 0 0 0 0 0 0 0 0 0 0 0 0 0 0 0 0 0 0 0 0 0 0 0 0 0 0 0 0 0 0 0 0 0 0 0 0 0 0 0 0 0 0 0 0 0 0 0 0 0 0 0 0 0 0 0 0 0 0 0 0 0 0 0
24 60
10 26
35 42
18 43
23 90
39 64
46 69
44 45
56 61
45 80
41 51
24 30
11 19
3 33
72 88
35 56
6 50
1 83
68 90
46 77
17 54
39 79
47 53
9 41
29 54
50 66
60 61
42 52
53 65
25 27
37 73
26 58
10 62
25 80
20 95
72 73
15 87
20 66
89 92
0 48
33 77
4 67
22 75
16 74
2 87
12 15
49 94
22 76
57 92
30 85
0 78
31 91
38 70
2 67
86 95
31 81
32 68
55 64
36 40
8 75
34 52
23 48
40 84
63 91
19 21
55 74
11 13
82 89
6 65
9 28
12 84
5 71
59 93
34 44
28 81
69 93
7 37
1 14
51 62
16 27
7 29
5 82
36 79
21 57
38 58
8 47
18 94
3 59
32 78
4 17
14 76
71 88
70 83
43 49
13 86
63 85
25 28
2 38
17 81
41 94
19 74
15 36
16 54
16 53
79 87
24 77
41 78
23 71
10 56
9 87
61 69
4 88
5 14
34 67
12 52
70 84
29 64
1 39
15 50
26 33
26 70
33 86
52 95
24 59
21 40
21 66
47 89
76 89
68 69
43 64
55 73
48 73
35 92
18 45
14 90
22 93
23 75
8 66
2 49
20 91
22 37
44 91
6 53
67 72
7 32
13 65
61 95
40 46
30 32
20 50
54 84
5 25
12 71
1 62
51 82
47 94
43 65
11 76
8 86
37 63
3 28
38 57
17 56
13 51
35 60
44 59
42 45
49 90
78 85
3 80
36 80
62 88
58 81
4 30
11 31
75 83
42 93
79 92
10 34
27 60
55 83
29 68
72 77
6 9
7 18
27 31
58 63
0 39
0 74
46 82
48 57
19 85
50 62
16 73
14 20
39 78
28 41
81 85
19 73
33 38
26 44
4 31
12 79
34 88
86 91
25 69
17 76
6 63
66 77
11 30
72 93
24 34
25 78
75 76
68 91
3 19
15 17
8 65
68 87
1 94
5 26
16 47
38 64
11 43
8 49
37 40
47 80
13 71
43 72
80 88
59 62
1 12
29 42
35 89
30 84
86 87
6 21
18 36
10 74
15 18
33 71
44 85
65 90
23 42
20 82
0 14
37 56
3 41
52 79
55 61
63 84
59 92
67 94
7 75
9 46
27 48
45 89
49 51
56 58
64 77
13 83
9 45
10 57
7 28
32 69
32 60
31 36
60 66
46 70
0 51
4 61
27 93
23 53
70 95
50 53
48 74
39 82
22 95
21 22
52 83
2 54
67 81
54 55
40 57
29 92
2 5
35 58
24 90
96 288 0
0 0 0 0 0 0 0 0 0 0 0 0 0 0 0 0 0 0 0 0 0 0 0 0 0 0 0 0 0 0 0 0 0 0 0 0 0 0 0 0 0 0 0 0 0 0 0 0 0 0 0 0 0 0 0 0 0 0 0 0 0 0 0 0 0 0 0 0 0 0 0 0 0 0 0 0 0 0 0 0 0 0 0 0 0 0 0 0 0 0 0 0 0 0 0 0
40 92
0 66
3 51
24 57
50 84
48 91
15 67
28 30
71 77
10 14
82 91
26 38
2 38
22 31
23 48
72 81
8 33
60 74
56 63
4 29
32 88
15 47
11 63
29 46
59 73
13 90
1 35
36 65
16 23
34 93
20 56
6 57
49 78
20 40
61 78
53 84
62 80
19 41
2 68
39 74
21 26
51 54
25 50
3 16
30 32
39 93
52 81
8 87
7 75
34 62
7 13
18 90
17 79
21 43
61 94
73 79
5 22
37 49
43 89
55 80
9 41
5 14
0 10
53 65
24 86
12 64
36 83
28 55
58 89
4 37
64 72
42 54
6 92
42 44
46 76
66 69
69 88
17 31
52 77
19 27
67 76
70 85
9 11
27 35
86 95
12 82
25 47
68 94
70 95
58 83
60 75
71 87
33 85
44 45
18 59
1 45
75 91
28 82
53 74
5 68
2 94
30 71
36 37
30 60
7 78
32 59
25 62
22 88
39 52
43 87
12 70
16 91
53 89
6 59
42 52
1 47
66 95
48 85
41 54
23 69
4 75
28 83
14 49
24 76
54 90
21 32
56 72
69 92
74 84
19 36
31 33
16 31
26 80
72 77
0 68
51 79
7 55
49 88
65 87
3 47
6 12
26 92
29 84
19 94
2 64
21 65
15 81
35 46
11 17
67 86
51 63
42 86
18 45
11 76
39 67
58 78
8 83
18 33
13 35
77 85
34 89
0 34
50 57
41 93
38 66
46 61
38 62
14 50
1 43
3 57
45 48
22 37
13 80
20 27
17 63
29 44
9 64
15 71
25 73
40 73
40 56
55 81
10 20
8 27
10 58
90 93
23 61
5 44
24 95
4 9
70 79
60 82
2 8
67 94
14 15
63 69
76 85
60 73
27 78
26 46
18 61
5 70
23 86
19 72
17 23
45 58
52 71
65 95
71 74
29 92
89 93
21 95
31 70
28 59
28 60
38 73
3 62
24 63
35 43
21 31
9 56
4 85
44 80
50 64
0 53
24 82
51 81
12 87
34 72
62 84
32 69
17 40
22 52
26 37
68 90
42 55
1 79
47 91
30 79
10 80
11 64
66 75
30 77
10 92
33 90
5 41
36 82
27 88
45 91
12 47
32 86
40 51
15 93
0 76
2 16
49 81
25 88
4 39
13 53
33 94
1 55
29 77
7 16
6 35
20 65
44 75
59 68
49 66
7 38
36 42
50 54
19 43
41 46
3 84
48 56
25 67
11 37
20 54
9 57
57 74
78 83
48 89
14 34
18 58
8 13
22 87
6 61
39 83
96 288 0
0 0 0 0 0 0 0 0 0 0 0 0 0 0 0 0 0 0 0 0 0 0 0 0 0 0 0 0 0 0 0 0 0 0 0 0 0 0 0 0 0 0 0 0 0 0 0 0 0 0 0 0 0 0 0 0 0 0 0 0 0 0 0 0 0 0 0 0 0 0 0 0 0 0 0 0 0 0 0 0 0 0 0 0 0 0 0 0 0 0 0 0 0 0 0 0
10 35
0 80
19 88
51 52
6 24
40 85
15 35
32 75
32 76
19 62
0 76
23 60
9 22
74 77
8 66
30 45
20 67
33 63
33 73
41 47
61 72
70 86
23 64
3 30
2 7
72 77
6 94
15 94
1 86
38 42
64 82
4 29
12 54
36 55
4 14
17 69
49 63
74 92
25 93
5 69
13 34
28 47
31 57
34 55
59 87
2 54
41 75
38 39
56 71
11 58
16 24
26 83
9 50
78 95
17 83
68 87
14 56
18 39
66 68
8 67
42 43
31 50
11 21
46 82
37 51
73 89
48 93
5 48
21 89
65 92
49 81
18 57
10 84
52 90
78 84
27 91
26 60
20 28
36 71
40 88
44 80
1 81
29 53
59 79
62 79
16 58
3 27
70 95
7 43
44 45
22 65
61 91
12 85
25 90
13 53
37 46
13 51
21 54
25 73
3 64
27 95
25 35
64 93
8 72
18 29
3 32
52 86
38 50
51 60
2 68
19 34
11 72
61 89
30 54
79 86
2 59
58 91
14 20
47 84
15 47
40 63
28 30
84 94
65 79
75 80
20 76
12 77
13 68
48 61
0 9
42 75
36 70
49 65
80 92
17 73
8 37
24 57
26 41
9 52
71 81
66 81
15 23
45 90
5 17
74 95
28 93
0 38
14 53
12 32
90 91
60 71
19 33
26 53
23 48
10 56
5 10
41 55
16 33
49 67
18 46
6 37
24 82
22 78
31 67
7 39
22 40
78 87
11 39
27 35
42 82
62 70
76 94
21 50
45 69
4 88
83 85
1 74
4 43
46 55
62 89
7 29
56 92
16 87
1 85
6 44
69 83
31 43
58 63
36 59
44 77
66 88
34 57
44 52
73 74
29 40
43 72
20 87
34 39
40 91
75 82
36 75
16 53
59 60
41 76
84 93
3 8
7 27
45 66
64 66
31 65
17 42
6 86
50 51
0 70
38 62
5 82
14 24
3 54
47 67
12 47
80 93
32 55
48 54
17 27
39 61
41 81
1 83
36 68
19 37
28 84
13 44
26 33
57 65
48 67
5 22
30 38
24 87
12 53
10 88
28 70
2 81
9 78
20 72
7 52
55 77
46 57
76 89
33 60
35 59
22 30
79 89
79 90
37 86
2 92
19 94
71 92
4 51
42 49
6 63
29 78
35 68
74 88
8 94
34 85
56 69
21 25
58 95
64 90
15 95
46 69
4 49
58 77
50 83
9 21
23 85
14 43
1 18
11 16
23 61
15 18
56 80
0 91
71 73
62 63
13 31
25 32
11 26
10 45
96 288 0
0 0 0 0 0 0 0 0 0 0 0 0 0 0 0 0 0 0 0 0 0 0 0 0 0 0 0 0 0 0 0 0 0 0 0 0 0 0 0 0 0 0 0 0 0 0 0 0 0 0 0 0 0 0 0 0 0 0 0 0 0 0 0 0 0 0 0 0 0 0 0 0 0 0 0 0 0 0 0 0 0 0 0 0 0 0 0 0 0 0 0 0 0 0 0 0
55 64
6 87
39 88
54 76
58 83
26 74
73 75
35 49
11 25
13 51
57 84
32 76
18 59
16 92
15 63
51 75
37 90
36 60
42 72
21 94
20 62
33 52
11 54
35 63
9 69
64 80
3 70
4 5
46 86
13 65
55 93
25 89
0 77
45 58
8 14
17 61
27 36
2 37
48 79
52 68
81 91
1 24
56 78
23 81
53 62
19 53
16 50
44 57
30 39
85 93
29 47
59 90
12 95
20 66
5 70
40 68
44 80
0 56
31 49
32 69
66 87
10 30
10 19
26 38
65 92
2 28
33 82
71 73
4 88
27 91
41 83
3 34
34 61
7 67
14 40
94 95
38 72
48 50
17 79
8 24
18 28
21 23
9 43
7 86
60 82
42 89
1 29
43 46
22 74
22 78
31 85
15 77
41 47
67 71
12 45
6 84
33 45
26 34
13 34
14 87
8 10
20 88
18 92
11 94
57 67
24 51
51 91
17 88
32 79
18 66
33 77
16 69
58 63
7 13
12 68
48 81
10 39
1 5
56 70
16 43
15 44
44 77
60 73
43 79
69 89
61 95
32 65
46 83
21 82
6 42
0 86
19 49
53 85
36 85
28 78
54 81
2 87
29 41
22 40
27 75
23 62
8 67
42 74
35 84
15 86
37 68
63 80
1 78
0 4
80 90
9 59
31 82
31 93
6 72
47 74
41 60
62 76
5 28
35 55
22 46
9 14
24 71
2 89
45 84
64 72
25 90
23 76
25 61
19 93
66 92
21 52
39 73
29 64
53 71
20 30
3 4
11 91
50 94
83 95
50 58
49 57
12 47
7 59
48 52
30 65
26 40
54 75
17 70
36 38
3 56
27 37
38 55
3 82
47 51
50 60
73 94
16 46
10 11
91 92
42 69
31 87
18 67
5 83
38 61
59 92
53 90
59 68
1 95
20 75
65 94
20 61
62 63
24 52
6 58
8 69
26 29
35 76
32 36
32 70
80 82
15 39
9 28
53 86
28 76
58 67
13 27
7 93
23 68
9 80
18 45
34 54
89 90
14 33
29 75
8 36
2 83
81 85
39 81
41 55
24 27
31 43
19 62
7 30
56 66
40 57
40 79
63 87
0 5
57 93
44 79
13 46
56 64
0 14
73 74
4 38
77 85
33 49
42 48
22 47
1 12
17 49
10 12
22 88
19 72
72 91
35 88
48 65
2 84
16 21
3 43
15 21
44 50
60 77
70 84
52 71
25 71
30 45
34 78
37 95
17 74
11 23
66 86
4 51
54 78
6 41
64 89
25 37
26 55
